,buyer,pay,group
0,f,41,C
1,e,81,A
2,f,58,C
3,e,17,A
4,z,26,B
5,w,81,C
6,d,4,A
7,x,80,B
8,x,9,B
9,c,37,A
10,c,90,A
11,w,23,C
12,w,99,C
13,z,9,B
14,f,86,C
15,d,83,A
16,w,98,C
17,x,27,B
18,e,53,A
19,e,8,A
20,w,29,C
21,w,42,C
22,w,50,C
23,f,74,C
24,e,64,A
25,w,66,C
26,c,35,A
27,e,7,A
28,d,80,A
29,c,65,A
30,x,66,B
31,c,69,A
32,e,43,A
33,w,2,C
34,d,28,A
35,d,97,A
36,x,85,B
37,e,39,A
38,z,33,B
39,c,48,A
40,f,62,C
41,x,25,B
42,e,90,A
43,e,26,A
44,c,83,A
45,c,63,A
46,w,50,C
47,d,85,A
48,w,96,C
49,x,17,B
50,z,70,B
51,z,72,B
52,x,18,B
53,w,20,C
54,c,8,A
55,z,24,B
56,x,56,B
57,c,39,A
58,w,99,C
59,f,62,C
60,w,39,C
61,z,22,B
62,d,13,A
63,c,72,A
64,f,43,C
65,z,28,B
66,x,71,B
67,f,9,C
68,d,21,A
69,d,51,A
70,x,66,B
71,c,94,A
72,c,44,A
73,d,100,A
74,d,15,A
75,f,12,C
76,z,56,B
77,e,38,A
78,w,99,C
79,f,63,C
80,x,43,B
81,x,30,B
82,f,86,C
83,w,64,C
84,d,77,A
85,e,34,A
86,e,86,A
87,c,17,A
88,w,64,C
89,f,9,C
90,d,45,A
91,f,94,C
92,f,13,C
93,d,27,A
94,f,55,C
95,e,95,A
96,w,5,C
97,d,22,A
98,w,10,C
99,x,61,B
100,c,74,A
101,w,88,C
102,w,95,C
103,f,9,C
104,z,69,B
105,e,3,A
106,c,83,A
107,c,8,A
108,e,27,A
109,c,100,A
110,x,36,B
111,e,45,A
112,z,71,B
113,z,7,B
114,f,37,C
115,x,43,B
116,z,94,B
117,f,51,C
118,d,22,A
119,x,52,B
120,z,51,B
121,d,76,A
122,f,16,C
123,f,62,C
124,z,15,B
125,z,100,B
126,z,76,B
127,d,34,A
128,w,9,C
129,w,27,C
130,w,49,C
131,f,54,C
132,x,24,B
133,w,55,C
134,f,87,C
135,w,71,C
136,c,34,A
137,w,14,C
138,e,39,A
139,d,63,A
140,c,60,A
141,e,22,A
142,f,26,C
143,d,36,A
144,d,70,A
145,w,24,C
146,c,3,A
147,f,72,C
148,c,12,A
149,f,16,C
150,d,55,A
151,z,61,B
152,x,16,B
153,x,84,B
154,f,21,C
155,z,21,B
156,d,33,A
157,d,32,A
158,d,40,A
159,d,75,A
160,e,75,A
161,d,35,A
162,e,26,A
163,z,87,B
164,e,55,A
165,w,13,C
166,f,84,C
167,x,65,B
168,x,64,B
169,c,51,A
170,e,54,A
171,z,27,B
172,x,13,B
173,e,80,A
174,x,89,B
175,z,93,B
176,x,20,B
177,f,67,C
178,x,6,B
179,x,76,B
180,x,71,B
181,f,65,C
182,d,22,A
183,d,3,A
184,z,35,B
185,c,6,A
186,w,18,C
187,d,42,A
188,d,36,A
189,c,3,A
190,z,46,B
191,z,77,B
192,e,76,A
193,d,37,A
194,w,70,C
195,c,71,A
196,e,4,A
197,w,22,C
198,w,37,C
199,z,64,B
200,e,28,A
201,c,50,A
202,f,88,C
203,e,3,A
204,f,36,C
205,x,90,B
206,e,84,A
207,z,8,B
208,f,97,C
209,c,82,A
210,d,89,A
211,c,67,A
212,c,28,A
213,e,27,A
214,d,90,A
215,e,90,A
216,c,69,A
217,f,20,C
218,e,95,A
219,z,7,B
220,z,95,B
221,e,97,A
222,d,65,A
223,x,58,B
224,x,80,B
225,d,49,A
226,x,68,B
227,x,66,B
228,z,53,B
229,z,62,B
230,w,55,C
231,e,94,A
232,c,35,A
233,c,40,A
234,z,23,B
235,d,27,A
236,z,94,B
237,z,32,B
238,c,88,A
239,e,44,A
240,e,7,A
241,d,51,A
242,d,55,A
243,f,16,C
244,e,7,A
245,x,34,B
246,z,11,B
247,w,51,C
248,x,49,B
249,d,6,A
250,c,46,A
251,e,10,A
252,c,39,A
253,w,41,C
254,e,78,A
255,c,79,A
256,f,73,C
257,e,57,A
258,f,88,C
259,z,18,B
260,c,38,A
261,f,36,C
262,f,23,C
263,c,18,A
264,w,86,C
265,d,53,A
266,z,66,B
267,e,37,A
268,w,95,C
269,f,7,C
270,w,85,C
271,z,11,B
272,w,38,C
273,c,18,A
274,f,46,C
275,x,82,B
276,d,81,A
277,z,12,B
278,x,36,B
279,d,21,A
280,z,87,B
281,f,67,C
282,w,30,C
283,z,88,B
284,e,35,A
285,d,28,A
286,d,18,A
287,z,20,B
288,c,42,A
289,z,37,B
290,f,87,C
291,d,73,A
292,e,58,A
293,z,88,B
294,x,99,B
295,x,37,B
296,f,31,C
297,z,30,B
298,w,68,C
299,x,65,B
300,x,11,B
301,x,3,B
302,e,2,A
303,d,92,A
304,f,75,C
305,e,99,A
306,f,42,C
307,e,21,A
308,f,36,C
309,c,62,A
310,c,74,A
311,x,70,B
312,w,96,C
313,d,76,A
314,e,41,A
315,z,23,B
316,x,70,B
317,c,88,A
318,x,100,B
319,w,95,C
320,w,78,C
321,f,22,C
322,d,51,A
323,e,99,A
324,d,97,A
325,d,10,A
326,e,27,A
327,z,84,B
328,e,88,A
329,f,58,C
330,x,27,B
331,w,26,C
332,z,77,B
333,f,29,C
334,c,56,A
335,x,18,B
336,d,58,A
337,x,84,B
338,e,14,A
339,d,73,A
340,c,12,A
341,f,22,C
342,f,69,C
343,w,25,C
344,w,8,C
345,e,26,A
346,f,9,C
347,e,19,A
348,e,44,A
349,x,21,B
350,e,18,A
351,f,45,C
352,z,37,B
353,x,7,B
354,w,10,C
355,f,17,C
356,f,38,C
357,d,18,A
358,e,24,A
359,x,54,B
360,w,72,C
361,f,62,C
362,f,77,C
363,e,98,A
364,f,84,C
365,c,65,A
366,z,82,B
367,e,57,A
368,w,77,C
369,w,71,C
370,w,71,C
371,f,74,C
372,z,28,B
373,w,70,C
374,z,52,B
375,d,51,A
376,e,67,A
377,e,99,A
378,c,61,A
379,z,87,B
380,w,61,C
381,d,64,A
382,e,30,A
383,z,55,B
384,c,40,A
385,d,11,A
386,x,48,B
387,c,24,A
388,f,77,C
389,d,12,A
390,z,6,B
391,e,95,A
392,e,85,A
393,w,71,C
394,x,90,B
395,f,33,C
396,f,92,C
397,w,71,C
398,d,6,A
399,z,49,B
400,x,43,B
401,d,3,A
402,x,42,B
403,z,71,B
404,c,49,A
405,z,41,B
406,w,3,C
407,x,35,B
408,z,12,B
409,z,64,B
410,z,53,B
411,z,55,B
412,e,3,A
413,d,69,A
414,x,61,B
415,f,41,C
416,x,29,B
417,x,1,B
418,w,88,C
419,f,84,C
420,z,99,B
421,w,94,C
422,z,27,B
423,x,40,B
424,z,20,B
425,d,57,A
426,x,86,B
427,z,77,B
428,f,100,C
429,w,64,C
430,w,12,C
431,e,80,A
432,d,18,A
433,w,75,C
434,d,76,A
435,f,31,C
436,e,99,A
437,f,81,C
438,w,41,C
439,e,49,A
440,x,44,B
441,f,62,C
442,x,76,B
443,d,70,A
444,w,82,C
445,e,15,A
446,e,37,A
447,f,50,C
448,d,83,A
449,f,39,C
450,d,39,A
451,f,58,C
452,z,88,B
453,f,29,C
454,f,87,C
455,f,58,C
456,f,11,C
457,e,92,A
458,c,30,A
459,c,24,A
460,c,57,A
461,w,53,C
462,w,39,C
463,d,59,A
464,d,11,A
465,z,7,B
466,f,45,C
467,w,33,C
468,f,83,C
469,c,2,A
470,w,99,C
471,f,95,C
472,d,8,A
473,z,69,B
474,e,21,A
475,e,73,A
476,e,36,A
477,w,36,C
478,f,28,C
479,x,55,B
480,c,49,A
481,e,47,A
482,w,38,C
483,x,32,B
484,f,54,C
485,x,77,B
486,z,90,B
487,e,69,A
488,w,92,C
489,c,74,A
490,x,7,B
491,c,87,A
492,d,98,A
493,x,68,B
494,e,24,A
495,c,88,A
496,d,66,A
497,e,74,A
498,c,82,A
499,c,31,A
500,z,37,B
501,z,14,B
502,w,79,C
503,x,10,B
504,e,15,A
505,c,47,A
506,x,6,B
507,z,98,B
508,f,8,C
509,x,56,B
510,x,96,B
511,z,68,B
512,w,56,C
513,x,95,B
514,w,7,C
515,f,32,C
516,c,40,A
517,z,33,B
518,w,41,C
519,x,81,B
520,f,65,C
521,z,20,B
522,x,30,B
523,c,6,A
524,z,72,B
525,d,57,A
526,c,77,A
527,x,47,B
528,d,80,A
529,f,100,C
530,c,24,A
531,d,36,A
532,f,48,C
533,w,50,C
534,d,45,A
535,d,41,A
536,x,62,B
537,c,70,A
538,c,74,A
539,f,73,C
540,c,67,A
541,z,40,B
542,c,24,A
543,z,88,B
544,d,7,A
545,e,26,A
546,f,49,C
547,w,44,C
548,f,28,C
549,x,40,B
550,z,38,B
551,e,65,A
552,f,80,C
553,e,43,A
554,f,38,C
555,e,90,A
556,z,35,B
557,d,49,A
558,z,6,B
559,z,63,B
560,x,61,B
561,w,51,C
562,f,3,C
563,z,37,B
564,d,51,A
565,e,8,A
566,c,87,A
567,f,44,C
568,f,79,C
569,z,41,B
570,x,52,B
571,x,33,B
572,x,7,B
573,z,99,B
574,z,56,B
575,e,97,A
576,z,93,B
577,c,89,A
578,z,19,B
579,f,68,C
580,x,26,B
581,f,23,C
582,w,30,C
583,f,87,C
584,e,87,A
585,z,42,B
586,z,37,B
587,c,36,A
588,z,37,B
589,d,24,A
590,d,48,A
591,f,32,C
592,c,51,A
593,x,95,B
594,x,5,B
595,c,92,A
596,e,85,A
597,w,51,C
598,f,33,C
599,e,8,A
600,e,45,A
601,x,43,B
602,c,33,A
603,w,72,C
604,e,82,A
605,e,2,A
606,x,40,B
607,x,57,B
608,z,73,B
609,d,57,A
610,x,15,B
611,x,15,B
612,d,29,A
613,w,46,C
614,x,17,B
615,w,59,C
616,z,50,B
617,d,47,A
618,f,50,C
619,f,25,C
620,w,86,C
621,d,37,A
622,c,73,A
623,w,98,C
624,z,59,B
625,z,79,B
626,e,78,A
627,x,81,B
628,d,12,A
629,x,22,B
630,c,7,A
631,e,18,A
632,e,2,A
633,c,89,A
634,d,2,A
635,d,83,A
636,x,15,B
637,d,52,A
638,d,87,A
639,w,96,C
640,x,61,B
641,c,67,A
642,w,82,C
643,w,96,C
644,z,24,B
645,f,71,C
646,z,15,B
647,z,77,B
648,d,95,A
649,d,71,A
650,f,65,C
651,w,56,C
652,d,35,A
653,f,37,C
654,w,96,C
655,d,100,A
656,w,30,C
657,x,32,B
658,w,46,C
659,x,29,B
660,d,14,A
661,f,72,C
662,x,77,B
663,e,100,A
664,d,16,A
665,w,74,C
666,w,100,C
667,c,68,A
668,c,84,A
669,c,36,A
670,e,28,A
671,c,76,A
672,x,88,B
673,f,26,C
674,d,51,A
675,w,24,C
676,e,23,A
677,w,18,C
678,c,45,A
679,c,86,A
680,c,60,A
681,z,41,B
682,z,83,B
683,x,45,B
684,f,64,C
685,f,100,C
686,z,68,B
687,c,56,A
688,z,62,B
689,f,52,C
690,x,90,B
691,w,96,C
692,x,76,B
693,e,87,A
694,c,7,A
695,z,43,B
696,c,48,A
697,z,25,B
698,e,56,A
699,x,63,B
700,w,77,C
701,x,5,B
702,z,18,B
703,w,30,C
704,d,64,A
705,c,21,A
706,x,56,B
707,e,27,A
708,e,81,A
709,w,96,C
710,c,54,A
711,e,23,A
712,w,54,C
713,x,95,B
714,z,50,B
715,f,1,C
716,w,79,C
717,e,40,A
718,z,86,B
719,w,66,C
720,d,65,A
721,f,71,C
722,f,32,C
723,e,86,A
724,c,55,A
725,x,14,B
726,c,2,A
727,f,72,C
728,w,12,C
729,d,2,A
730,d,8,A
731,f,45,C
732,w,48,C
733,x,30,B
734,f,29,C
735,x,39,B
736,z,41,B
737,z,23,B
738,x,48,B
739,e,57,A
740,e,69,A
741,c,33,A
742,f,55,C
743,e,71,A
744,z,87,B
745,w,54,C
746,e,3,A
747,d,4,A
748,x,34,B
749,d,7,A
750,z,66,B
751,z,21,B
752,e,75,A
753,c,58,A
754,d,72,A
755,z,7,B
756,d,18,A
757,f,22,C
758,c,36,A
759,f,82,C
760,c,52,A
761,z,41,B
762,f,93,C
763,d,56,A
764,f,54,C
765,c,83,A
766,f,96,C
767,x,13,B
768,c,97,A
769,f,78,C
770,e,52,A
771,x,23,B
772,w,72,C
773,z,8,B
774,d,13,A
775,z,78,B
776,c,9,A
777,f,10,C
778,z,31,B
779,c,68,A
780,x,3,B
781,f,26,C
782,w,22,C
783,x,96,B
784,d,18,A
785,e,56,A
786,f,63,C
787,d,71,A
788,c,26,A
789,f,73,C
790,w,91,C
791,x,51,B
792,x,76,B
793,c,90,A
794,f,19,C
795,w,22,C
796,w,73,C
797,w,62,C
798,e,12,A
799,x,95,B
800,w,46,C
801,e,74,A
802,w,57,C
803,w,72,C
804,x,66,B
805,d,26,A
806,z,78,B
807,w,54,C
808,w,68,C
809,w,57,C
810,f,22,C
811,x,47,B
812,z,95,B
813,e,51,A
814,e,2,A
815,d,44,A
816,c,68,A
817,x,87,B
818,c,35,A
819,x,60,B
820,d,39,A
821,z,96,B
822,z,40,B
823,c,73,A
824,z,11,B
825,x,57,B
826,w,19,C
827,e,34,A
828,x,35,B
829,c,5,A
830,d,47,A
831,d,32,A
832,c,79,A
833,w,72,C
834,f,51,C
835,x,33,B
836,x,30,B
837,f,60,C
838,x,99,B
839,x,32,B
840,w,69,C
841,c,32,A
842,c,34,A
843,e,98,A
844,z,87,B
845,f,17,C
846,z,4,B
847,e,20,A
848,f,21,C
849,c,44,A
850,w,99,C
851,c,86,A
852,e,44,A
853,e,11,A
854,e,13,A
855,e,46,A
856,z,90,B
857,w,75,C
858,f,89,C
859,e,97,A
860,c,93,A
861,c,62,A
862,c,33,A
863,d,50,A
864,x,75,B
865,x,76,B
866,e,12,A
867,f,5,C
868,e,64,A
869,f,48,C
870,z,100,B
871,f,62,C
872,z,60,B
873,x,42,B
874,e,65,A
875,z,40,B
876,f,66,C
877,w,28,C
878,x,28,B
879,d,11,A
880,z,7,B
881,w,13,C
882,d,20,A
883,c,32,A
884,x,83,B
885,x,60,B
886,c,79,A
887,f,37,C
888,f,24,C
889,d,98,A
890,f,21,C
891,z,74,B
892,e,6,A
893,c,72,A
894,f,90,C
895,w,21,C
896,d,89,A
897,w,58,C
898,c,12,A
899,e,62,A
900,f,9,C
901,e,45,A
902,f,57,C
903,e,16,A
904,e,83,A
905,d,34,A
906,c,71,A
907,e,99,A
908,d,95,A
909,x,38,B
910,e,12,A
911,e,49,A
912,f,60,C
913,c,25,A
914,x,45,B
915,c,31,A
916,x,45,B
917,d,2,A
918,z,94,B
919,c,81,A
920,x,8,B
921,f,32,C
922,d,42,A
923,w,28,C
924,c,21,A
925,w,63,C
926,e,48,A
927,z,62,B
928,c,25,A
929,f,82,C
930,z,69,B
931,z,38,B
932,e,44,A
933,d,90,A
934,z,19,B
935,c,1,A
936,d,27,A
937,e,61,A
938,z,39,B
939,z,97,B
940,d,93,A
941,x,30,B
942,c,46,A
943,f,54,C
944,x,2,B
945,x,63,B
946,f,66,C
947,x,21,B
948,c,78,A
949,w,98,C
950,d,6,A
951,w,65,C
952,e,59,A
953,z,1,B
954,f,80,C
955,x,42,B
956,f,87,C
957,c,71,A
958,x,49,B
959,f,55,C
960,x,24,B
961,w,49,C
962,x,68,B
963,f,22,C
964,c,28,A
965,w,61,C
966,z,47,B
967,e,44,A
968,z,2,B
969,d,85,A
970,x,98,B
971,d,14,A
972,c,16,A
973,d,98,A
974,x,3,B
975,c,57,A
976,c,5,A
977,d,43,A
978,w,28,C
979,w,15,C
980,z,28,B
981,c,31,A
982,w,64,C
983,f,22,C
984,w,43,C
985,w,56,C
986,c,72,A
987,d,47,A
988,d,90,A
989,c,27,A
990,d,19,A
991,w,11,C
992,w,51,C
993,c,6,A
994,d,22,A
995,c,98,A
996,c,62,A
997,x,1,B
998,c,64,A
999,e,90,A
1000,c,26,A
1001,c,33,A
1002,z,28,B
1003,x,69,B
1004,w,68,C
1005,x,27,B
1006,d,96,A
1007,x,89,B
1008,e,7,A
1009,x,30,B
1010,z,64,B
1011,c,31,A
1012,e,32,A
1013,z,31,B
1014,z,1,B
1015,e,6,A
1016,w,44,C
1017,c,15,A
1018,e,83,A
1019,c,51,A
1020,x,43,B
1021,z,98,B
1022,w,6,C
1023,c,14,A
1024,f,15,C
1025,w,9,C
1026,c,17,A
1027,x,55,B
1028,c,27,A
1029,z,73,B
1030,z,90,B
1031,e,35,A
1032,d,22,A
1033,x,4,B
1034,x,26,B
1035,z,14,B
1036,c,95,A
1037,x,24,B
1038,c,7,A
1039,x,46,B
1040,w,88,C
1041,x,71,B
1042,x,12,B
1043,f,96,C
1044,c,21,A
1045,w,2,C
1046,e,65,A
1047,z,39,B
1048,d,9,A
1049,e,29,A
1050,c,75,A
1051,x,32,B
1052,f,4,C
1053,w,63,C
1054,f,64,C
1055,z,39,B
1056,f,90,C
1057,c,62,A
1058,z,100,B
1059,f,32,C
1060,e,3,A
1061,c,26,A
1062,c,89,A
1063,z,44,B
1064,e,24,A
1065,w,88,C
1066,e,97,A
1067,x,92,B
1068,f,29,C
1069,f,95,C
1070,w,33,C
1071,w,55,C
1072,x,88,B
1073,e,20,A
1074,x,40,B
1075,w,49,C
1076,d,10,A
1077,c,84,A
1078,c,49,A
1079,w,22,C
1080,e,11,A
1081,w,62,C
1082,f,31,C
1083,c,93,A
1084,f,44,C
1085,e,42,A
1086,d,17,A
1087,c,49,A
1088,d,41,A
1089,d,18,A
1090,x,27,B
1091,w,19,C
1092,c,43,A
1093,w,34,C
1094,z,33,B
1095,w,91,C
1096,e,62,A
1097,z,14,B
1098,f,33,C
1099,c,56,A
1100,d,95,A
1101,f,43,C
1102,w,31,C
1103,e,85,A
1104,w,13,C
1105,e,99,A
1106,z,25,B
1107,c,78,A
1108,c,38,A
1109,z,42,B
1110,d,10,A
1111,w,94,C
1112,c,44,A
1113,c,49,A
1114,d,19,A
1115,c,93,A
1116,c,100,A
1117,x,95,B
1118,c,15,A
1119,f,43,C
1120,x,91,B
1121,c,9,A
1122,e,5,A
1123,w,65,C
1124,d,1,A
1125,f,12,C
1126,x,14,B
1127,d,19,A
1128,e,62,A
1129,f,54,C
1130,e,78,A
1131,c,77,A
1132,f,63,C
1133,d,65,A
1134,x,23,B
1135,f,45,C
1136,w,50,C
1137,e,49,A
1138,w,61,C
1139,e,82,A
1140,e,2,A
1141,d,31,A
1142,f,28,C
1143,e,86,A
1144,e,82,A
1145,w,93,C
1146,d,23,A
1147,z,63,B
1148,f,68,C
1149,e,15,A
1150,d,25,A
1151,d,37,A
1152,x,100,B
1153,z,45,B
1154,w,39,C
1155,d,35,A
1156,c,100,A
1157,e,46,A
1158,d,81,A
1159,w,21,C
1160,e,93,A
1161,w,82,C
1162,d,24,A
1163,e,52,A
1164,c,38,A
1165,x,59,B
1166,c,86,A
1167,z,9,B
1168,c,73,A
1169,z,22,B
1170,x,35,B
1171,e,54,A
1172,e,7,A
1173,d,23,A
1174,x,67,B
1175,f,12,C
1176,e,16,A
1177,c,76,A
1178,c,56,A
1179,w,70,C
1180,z,79,B
1181,e,85,A
1182,c,85,A
1183,d,74,A
1184,f,22,C
1185,e,23,A
1186,e,3,A
1187,z,82,B
1188,z,24,B
1189,z,13,B
1190,w,43,C
1191,f,20,C
1192,f,98,C
1193,c,57,A
1194,w,23,C
1195,z,41,B
1196,d,95,A
1197,x,20,B
1198,f,1,C
1199,c,66,A
1200,x,67,B
1201,w,51,C
1202,w,74,C
1203,z,76,B
1204,x,35,B
1205,w,14,C
1206,e,33,A
1207,f,40,C
1208,z,61,B
1209,x,19,B
1210,z,10,B
1211,w,29,C
1212,f,5,C
1213,z,14,B
1214,w,11,C
1215,x,6,B
1216,x,33,B
1217,d,56,A
1218,x,75,B
1219,c,14,A
1220,z,38,B
1221,e,66,A
1222,z,9,B
1223,c,61,A
1224,c,34,A
1225,d,53,A
1226,c,37,A
1227,d,92,A
1228,d,39,A
1229,c,91,A
1230,z,7,B
1231,z,67,B
1232,x,29,B
1233,f,24,C
1234,w,89,C
1235,f,24,C
1236,c,67,A
1237,e,31,A
1238,d,3,A
1239,c,96,A
1240,w,64,C
1241,d,35,A
1242,f,37,C
1243,e,29,A
1244,x,54,B
1245,w,95,C
1246,d,33,A
1247,e,83,A
1248,w,62,C
1249,c,50,A
1250,d,98,A
1251,d,13,A
1252,d,43,A
1253,f,8,C
1254,x,30,B
1255,d,82,A
1256,x,42,B
1257,x,41,B
1258,x,93,B
1259,e,3,A
1260,w,99,C
1261,c,32,A
1262,e,65,A
1263,w,98,C
1264,c,73,A
1265,f,92,C
1266,e,97,A
1267,d,15,A
1268,w,98,C
1269,w,22,C
1270,d,66,A
1271,x,15,B
1272,d,43,A
1273,d,95,A
1274,c,35,A
1275,w,4,C
1276,z,67,B
1277,x,59,B
1278,w,57,C
1279,w,10,C
1280,e,7,A
1281,d,14,A
1282,f,98,C
1283,d,48,A
1284,f,45,C
1285,w,19,C
1286,z,99,B
1287,f,91,C
1288,d,63,A
1289,z,40,B
1290,c,93,A
1291,w,86,C
1292,f,59,C
1293,x,41,B
1294,e,21,A
1295,w,58,C
1296,w,38,C
1297,w,12,C
1298,x,31,B
1299,d,57,A
1300,x,75,B
1301,f,7,C
1302,f,75,C
1303,c,67,A
1304,z,22,B
1305,d,56,A
1306,z,76,B
1307,f,6,C
1308,d,38,A
1309,f,87,C
1310,d,22,A
1311,d,91,A
1312,w,93,C
1313,w,22,C
1314,c,89,A
1315,z,35,B
1316,w,96,C
1317,d,50,A
1318,w,25,C
1319,e,28,A
1320,c,8,A
1321,x,51,B
1322,z,59,B
1323,z,65,B
1324,c,27,A
1325,d,62,A
1326,f,39,C
1327,x,22,B
1328,f,7,C
1329,x,95,B
1330,c,39,A
1331,e,2,A
1332,f,47,C
1333,x,11,B
1334,w,95,C
1335,e,46,A
1336,w,29,C
1337,e,50,A
1338,f,58,C
1339,w,48,C
1340,c,14,A
1341,e,5,A
1342,x,64,B
1343,f,52,C
1344,e,29,A
1345,c,5,A
1346,c,33,A
1347,w,1,C
1348,c,75,A
1349,w,4,C
1350,e,76,A
1351,z,92,B
1352,w,72,C
1353,d,38,A
1354,z,66,B
1355,f,60,C
1356,c,59,A
1357,d,95,A
1358,w,57,C
1359,d,56,A
1360,w,2,C
1361,f,20,C
1362,c,65,A
1363,e,46,A
1364,c,88,A
1365,w,30,C
1366,e,11,A
1367,c,52,A
1368,x,40,B
1369,x,5,B
1370,f,10,C
1371,c,7,A
1372,x,82,B
1373,z,27,B
1374,w,50,C
1375,f,46,C
1376,f,8,C
1377,e,71,A
1378,e,97,A
1379,c,75,A
1380,x,95,B
1381,w,36,C
1382,z,84,B
1383,e,21,A
1384,f,94,C
1385,e,74,A
1386,d,63,A
1387,w,22,C
1388,c,26,A
1389,c,4,A
1390,e,36,A
1391,w,82,C
1392,c,96,A
1393,c,69,A
1394,z,62,B
1395,f,90,C
1396,f,74,C
1397,x,90,B
1398,d,89,A
1399,x,59,B
1400,e,100,A
1401,z,31,B
1402,e,44,A
1403,c,60,A
1404,c,75,A
1405,f,8,C
1406,x,70,B
1407,x,28,B
1408,x,51,B
1409,c,89,A
1410,d,53,A
1411,c,96,A
1412,z,20,B
1413,w,82,C
1414,w,13,C
1415,e,18,A
1416,c,35,A
1417,e,3,A
1418,x,32,B
1419,x,68,B
1420,w,25,C
1421,w,63,C
1422,c,65,A
1423,d,93,A
1424,e,45,A
1425,e,2,A
1426,x,8,B
1427,f,12,C
1428,d,71,A
1429,w,39,C
1430,e,39,A
1431,d,92,A
1432,d,40,A
1433,z,69,B
1434,z,38,B
1435,z,25,B
1436,z,49,B
1437,d,7,A
1438,d,8,A
1439,e,62,A
1440,c,91,A
1441,x,88,B
1442,c,43,A
1443,z,25,B
1444,z,14,B
1445,x,17,B
1446,d,41,A
1447,d,11,A
1448,f,11,C
1449,d,71,A
1450,z,57,B
1451,w,45,C
1452,c,90,A
1453,c,10,A
1454,e,6,A
1455,z,7,B
1456,e,55,A
1457,f,62,C
1458,x,4,B
1459,x,62,B
1460,w,41,C
1461,x,38,B
1462,x,85,B
1463,c,30,A
1464,c,48,A
1465,z,81,B
1466,x,1,B
1467,w,79,C
1468,x,69,B
1469,d,48,A
1470,w,15,C
1471,z,8,B
1472,f,56,C
1473,w,44,C
1474,c,78,A
1475,f,84,C
1476,x,63,B
1477,e,19,A
1478,e,54,A
1479,z,61,B
1480,z,40,B
1481,z,20,B
1482,f,6,C
1483,e,7,A
1484,w,20,C
1485,e,68,A
1486,x,62,B
1487,w,58,C
1488,f,33,C
1489,z,81,B
1490,c,82,A
1491,c,68,A
1492,z,98,B
1493,d,65,A
1494,z,33,B
1495,d,29,A
1496,f,70,C
1497,w,57,C
1498,z,80,B
1499,f,69,C
1500,e,62,A
1501,z,62,B
1502,x,74,B
1503,d,79,A
1504,c,50,A
1505,c,76,A
1506,z,42,B
1507,d,53,A
1508,d,44,A
1509,c,58,A
1510,f,70,C
1511,d,7,A
1512,e,23,A
1513,c,77,A
1514,x,66,B
1515,d,31,A
1516,f,30,C
1517,z,89,B
1518,w,4,C
1519,e,16,A
1520,e,17,A
1521,e,31,A
1522,e,29,A
1523,z,56,B
1524,e,47,A
1525,f,48,C
1526,f,92,C
1527,z,18,B
1528,c,7,A
1529,w,17,C
1530,d,23,A
1531,z,59,B
1532,w,7,C
1533,e,33,A
1534,w,66,C
1535,f,32,C
1536,w,79,C
1537,d,95,A
1538,c,19,A
1539,d,92,A
1540,e,30,A
1541,z,42,B
1542,d,52,A
1543,x,90,B
1544,d,49,A
1545,e,43,A
1546,f,24,C
1547,w,52,C
1548,d,14,A
1549,e,94,A
1550,w,98,C
1551,z,40,B
1552,w,9,C
1553,w,32,C
1554,c,75,A
1555,z,77,B
1556,d,73,A
1557,e,39,A
1558,w,53,C
1559,c,62,A
1560,e,47,A
1561,w,76,C
1562,d,81,A
1563,x,91,B
1564,c,7,A
1565,f,14,C
1566,e,62,A
1567,w,31,C
1568,w,53,C
1569,e,26,A
1570,c,12,A
1571,x,71,B
1572,z,45,B
1573,w,28,C
1574,d,9,A
1575,x,4,B
1576,d,85,A
1577,z,18,B
1578,x,37,B
1579,d,87,A
1580,e,50,A
1581,z,10,B
1582,c,25,A
1583,x,21,B
1584,d,41,A
1585,f,83,C
1586,w,27,C
1587,f,54,C
1588,z,41,B
1589,d,60,A
1590,x,14,B
1591,c,53,A
1592,z,23,B
1593,x,1,B
1594,w,80,C
1595,x,94,B
1596,x,46,B
1597,d,27,A
1598,c,31,A
1599,e,27,A
1600,c,68,A
1601,f,30,C
1602,z,11,B
1603,f,40,C
1604,w,79,C
1605,d,12,A
1606,x,8,B
1607,f,52,C
1608,f,56,C
1609,z,5,B
1610,c,44,A
1611,z,20,B
1612,f,85,C
1613,f,78,C
1614,x,97,B
1615,w,23,C
1616,d,60,A
1617,e,27,A
1618,z,97,B
1619,x,6,B
1620,c,91,A
1621,z,1,B
1622,x,14,B
1623,f,77,C
1624,c,76,A
1625,z,37,B
1626,c,33,A
1627,d,42,A
1628,d,17,A
1629,c,76,A
1630,x,54,B
1631,e,7,A
1632,c,82,A
1633,d,32,A
1634,c,60,A
1635,f,8,C
1636,x,10,B
1637,f,11,C
1638,w,69,C
1639,f,46,C
1640,d,40,A
1641,c,76,A
1642,c,3,A
1643,z,9,B
1644,x,71,B
1645,w,27,C
1646,e,42,A
1647,z,9,B
1648,z,4,B
1649,w,97,C
1650,x,47,B
1651,z,77,B
1652,f,35,C
1653,e,41,A
1654,z,10,B
1655,x,23,B
1656,z,56,B
1657,d,47,A
1658,x,40,B
1659,z,51,B
1660,w,4,C
1661,f,17,C
1662,e,13,A
1663,w,75,C
1664,w,60,C
1665,c,2,A
1666,e,64,A
1667,w,74,C
1668,x,25,B
1669,c,30,A
1670,z,33,B
1671,e,40,A
1672,f,72,C
1673,d,20,A
1674,z,64,B
1675,x,59,B
1676,d,54,A
1677,z,48,B
1678,x,43,B
1679,f,17,C
1680,f,97,C
1681,z,49,B
1682,c,29,A
1683,f,78,C
1684,z,56,B
1685,e,16,A
1686,d,28,A
1687,f,18,C
1688,z,75,B
1689,x,55,B
1690,f,1,C
1691,w,49,C
1692,x,94,B
1693,z,30,B
1694,w,37,C
1695,e,16,A
1696,x,85,B
1697,e,55,A
1698,c,10,A
1699,f,79,C
1700,x,26,B
1701,e,12,A
1702,w,19,C
1703,z,99,B
1704,d,7,A
1705,e,5,A
1706,e,99,A
1707,f,42,C
1708,z,71,B
1709,w,59,C
1710,x,10,B
1711,z,64,B
1712,e,52,A
1713,c,30,A
1714,d,20,A
1715,x,37,B
1716,f,96,C
1717,c,63,A
1718,f,37,C
1719,x,25,B
1720,z,29,B
1721,z,48,B
1722,e,22,A
1723,e,45,A
1724,z,81,B
1725,x,29,B
1726,x,4,B
1727,f,23,C
1728,d,63,A
1729,x,20,B
1730,z,45,B
1731,z,27,B
1732,z,80,B
1733,c,5,A
1734,f,75,C
1735,e,20,A
1736,z,22,B
1737,d,52,A
1738,d,40,A
1739,w,53,C
1740,f,43,C
1741,x,85,B
1742,d,50,A
1743,x,32,B
1744,x,34,B
1745,z,77,B
1746,d,73,A
1747,d,23,A
1748,e,73,A
1749,w,34,C
1750,e,86,A
1751,f,91,C
1752,z,1,B
1753,c,48,A
1754,e,22,A
1755,c,22,A
1756,d,14,A
1757,f,5,C
1758,c,56,A
1759,c,68,A
1760,e,26,A
1761,w,99,C
1762,c,91,A
1763,w,14,C
1764,e,50,A
1765,w,45,C
1766,d,56,A
1767,c,89,A
1768,c,11,A
1769,z,19,B
1770,w,46,C
1771,c,57,A
1772,f,63,C
1773,c,57,A
1774,x,42,B
1775,e,69,A
1776,c,10,A
1777,f,96,C
1778,w,96,C
1779,w,97,C
1780,d,5,A
1781,c,13,A
1782,z,36,B
1783,x,32,B
1784,f,9,C
1785,w,56,C
1786,e,72,A
1787,w,90,C
1788,e,28,A
1789,d,68,A
1790,z,24,B
1791,d,85,A
1792,e,41,A
1793,f,12,C
1794,d,8,A
1795,f,72,C
1796,f,51,C
1797,w,18,C
1798,x,53,B
1799,c,29,A
1800,d,38,A
1801,w,55,C
1802,d,38,A
1803,c,99,A
1804,e,26,A
1805,f,56,C
1806,z,69,B
1807,c,34,A
1808,c,28,A
1809,x,29,B
1810,c,65,A
1811,z,7,B
1812,e,17,A
1813,w,82,C
1814,w,8,C
1815,e,11,A
1816,z,93,B
1817,e,8,A
1818,z,5,B
1819,d,44,A
1820,z,18,B
1821,c,82,A
1822,z,64,B
1823,w,82,C
1824,d,2,A
1825,d,28,A
1826,d,12,A
1827,z,100,B
1828,d,91,A
1829,e,74,A
1830,c,4,A
1831,d,7,A
1832,e,62,A
1833,z,24,B
1834,z,18,B
1835,z,95,B
1836,e,79,A
1837,f,88,C
1838,x,5,B
1839,w,18,C
1840,f,26,C
1841,c,9,A
1842,d,11,A
1843,f,99,C
1844,z,89,B
1845,e,91,A
1846,f,87,C
1847,x,26,B
1848,d,95,A
1849,f,88,C
1850,c,74,A
1851,f,67,C
1852,w,14,C
1853,c,25,A
1854,d,85,A
1855,w,32,C
1856,z,73,B
1857,x,17,B
1858,e,25,A
1859,e,72,A
1860,c,1,A
1861,z,17,B
1862,d,36,A
1863,c,66,A
1864,x,33,B
1865,w,8,C
1866,f,56,C
1867,e,88,A
1868,e,92,A
1869,f,43,C
1870,x,62,B
1871,f,24,C
1872,x,7,B
1873,x,54,B
1874,w,16,C
1875,x,24,B
1876,f,72,C
1877,d,72,A
1878,z,38,B
1879,d,27,A
1880,e,78,A
1881,w,69,C
1882,x,9,B
1883,w,50,C
1884,e,71,A
1885,z,16,B
1886,e,82,A
1887,d,62,A
1888,e,8,A
1889,x,88,B
1890,d,18,A
1891,d,41,A
1892,e,85,A
1893,w,42,C
1894,e,61,A
1895,c,11,A
1896,e,4,A
1897,z,83,B
1898,e,4,A
1899,w,95,C
1900,x,64,B
1901,d,22,A
1902,f,78,C
1903,z,65,B
1904,x,78,B
1905,f,65,C
1906,w,69,C
1907,c,36,A
1908,d,76,A
1909,c,17,A
1910,z,75,B
1911,d,35,A
1912,x,99,B
1913,d,16,A
1914,d,67,A
1915,x,96,B
1916,c,24,A
1917,x,82,B
1918,d,59,A
1919,w,75,C
1920,d,50,A
1921,x,37,B
1922,f,32,C
1923,c,72,A
1924,c,61,A
1925,f,22,C
1926,e,75,A
1927,e,15,A
1928,z,47,B
1929,f,31,C
1930,e,100,A
1931,d,75,A
1932,z,22,B
1933,e,8,A
1934,e,95,A
1935,e,2,A
1936,e,7,A
1937,z,47,B
1938,x,3,B
1939,c,60,A
1940,c,92,A
1941,f,29,C
1942,c,77,A
1943,z,87,B
1944,x,36,B
1945,z,68,B
1946,w,78,C
1947,c,67,A
1948,c,44,A
1949,z,53,B
1950,f,67,C
1951,e,82,A
1952,z,14,B
1953,w,68,C
1954,z,20,B
1955,w,64,C
1956,x,44,B
1957,d,11,A
1958,f,16,C
1959,f,1,C
1960,x,21,B
1961,f,32,C
1962,d,53,A
1963,z,16,B
1964,x,94,B
1965,e,60,A
1966,c,91,A
1967,d,5,A
1968,d,90,A
1969,d,2,A
1970,z,74,B
1971,w,90,C
1972,e,56,A
1973,w,98,C
1974,f,41,C
1975,e,29,A
1976,w,28,C
1977,c,7,A
1978,x,27,B
1979,f,83,C
1980,d,89,A
1981,e,34,A
1982,d,52,A
1983,w,73,C
1984,d,2,A
1985,f,61,C
1986,w,35,C
1987,e,65,A
1988,w,26,C
1989,z,84,B
1990,z,83,B
1991,z,33,B
1992,d,57,A
1993,z,97,B
1994,d,98,A
1995,e,3,A
1996,f,25,C
1997,w,100,C
1998,d,9,A
1999,x,47,B
2000,z,74,B
2001,f,2,C
2002,e,34,A
2003,x,66,B
2004,f,33,C
2005,w,81,C
2006,e,28,A
2007,w,52,C
2008,e,88,A
2009,c,79,A
2010,x,91,B
2011,z,48,B
2012,d,60,A
2013,z,17,B
2014,e,76,A
2015,w,94,C
2016,c,44,A
2017,f,66,C
2018,z,90,B
2019,c,92,A
2020,w,29,C
2021,f,2,C
2022,w,55,C
2023,w,77,C
2024,w,27,C
2025,x,2,B
2026,c,97,A
2027,z,76,B
2028,f,70,C
2029,x,100,B
2030,c,23,A
2031,c,95,A
2032,d,35,A
2033,x,56,B
2034,f,2,C
2035,c,50,A
2036,z,22,B
2037,c,24,A
2038,f,76,C
2039,z,53,B
2040,e,17,A
2041,z,69,B
2042,z,14,B
2043,z,18,B
2044,c,60,A
2045,f,96,C
2046,w,26,C
2047,e,94,A
2048,w,88,C
2049,f,46,C
2050,f,100,C
2051,e,17,A
2052,w,55,C
2053,d,28,A
2054,c,88,A
2055,c,50,A
2056,c,7,A
2057,e,35,A
2058,d,96,A
2059,w,9,C
2060,x,100,B
2061,f,5,C
2062,x,43,B
2063,f,27,C
2064,w,71,C
2065,w,53,C
2066,x,77,B
2067,x,61,B
2068,c,29,A
2069,c,26,A
2070,w,89,C
2071,f,12,C
2072,z,4,B
2073,z,48,B
2074,w,5,C
2075,e,87,A
2076,x,46,B
2077,e,5,A
2078,c,36,A
2079,x,21,B
2080,w,3,C
2081,w,71,C
2082,f,35,C
2083,f,79,C
2084,d,4,A
2085,x,91,B
2086,d,32,A
2087,c,24,A
2088,e,50,A
2089,x,37,B
2090,x,87,B
2091,e,4,A
2092,d,28,A
2093,w,22,C
2094,f,29,C
2095,c,54,A
2096,z,88,B
2097,z,28,B
2098,d,18,A
2099,d,68,A
2100,f,80,C
2101,c,41,A
2102,z,48,B
2103,x,80,B
2104,e,20,A
2105,f,42,C
2106,z,3,B
2107,f,42,C
2108,e,63,A
2109,d,90,A
2110,z,16,B
2111,x,83,B
2112,w,80,C
2113,e,32,A
2114,e,90,A
2115,w,53,C
2116,x,91,B
2117,f,72,C
2118,z,65,B
2119,w,36,C
2120,c,8,A
2121,d,30,A
2122,z,75,B
2123,c,89,A
2124,e,8,A
2125,f,50,C
2126,c,74,A
2127,c,29,A
2128,z,40,B
2129,e,15,A
2130,c,66,A
2131,z,16,B
2132,z,64,B
2133,c,75,A
2134,x,61,B
2135,d,37,A
2136,f,71,C
2137,c,47,A
2138,c,83,A
2139,f,36,C
2140,f,18,C
2141,w,78,C
2142,f,13,C
2143,d,39,A
2144,w,95,C
2145,f,11,C
2146,c,47,A
2147,x,47,B
2148,e,96,A
2149,c,5,A
2150,w,86,C
2151,w,58,C
2152,z,53,B
2153,f,40,C
2154,d,34,A
2155,z,44,B
2156,w,86,C
2157,c,23,A
2158,d,99,A
2159,z,62,B
2160,f,88,C
2161,w,29,C
2162,d,75,A
2163,d,56,A
2164,f,48,C
2165,w,52,C
2166,w,20,C
2167,w,12,C
2168,d,25,A
2169,c,10,A
2170,e,27,A
2171,c,31,A
2172,w,2,C
2173,z,67,B
2174,w,76,C
2175,f,99,C
2176,d,23,A
2177,w,73,C
2178,x,24,B
2179,c,46,A
2180,x,75,B
2181,f,42,C
2182,x,5,B
2183,c,14,A
2184,e,76,A
2185,w,5,C
2186,w,22,C
2187,w,66,C
2188,z,6,B
2189,d,13,A
2190,x,98,B
2191,c,33,A
2192,e,12,A
2193,d,97,A
2194,z,40,B
2195,x,16,B
2196,c,87,A
2197,x,92,B
2198,e,9,A
2199,d,91,A
2200,e,81,A
2201,w,27,C
2202,x,51,B
2203,c,43,A
2204,x,35,B
2205,f,2,C
2206,z,21,B
2207,z,33,B
2208,x,23,B
2209,z,53,B
2210,c,53,A
2211,f,74,C
2212,w,81,C
2213,e,78,A
2214,z,24,B
2215,x,80,B
2216,f,1,C
2217,w,17,C
2218,c,23,A
2219,d,93,A
2220,e,21,A
2221,x,79,B
2222,e,13,A
2223,f,26,C
2224,z,31,B
2225,e,31,A
2226,d,46,A
2227,c,76,A
2228,e,82,A
2229,d,45,A
2230,d,35,A
2231,e,17,A
2232,w,58,C
2233,w,93,C
2234,w,75,C
2235,f,11,C
2236,d,11,A
2237,d,98,A
2238,e,2,A
2239,e,30,A
2240,z,2,B
2241,x,21,B
2242,x,61,B
2243,d,91,A
2244,w,74,C
2245,z,79,B
2246,x,19,B
2247,e,60,A
2248,d,14,A
2249,x,97,B
2250,e,89,A
2251,c,100,A
2252,c,9,A
2253,f,97,C
2254,w,15,C
2255,x,23,B
2256,x,43,B
2257,z,16,B
2258,d,17,A
2259,z,21,B
2260,d,10,A
2261,d,71,A
2262,w,62,C
2263,d,81,A
2264,c,63,A
2265,w,88,C
2266,x,45,B
2267,d,84,A
2268,w,76,C
2269,d,45,A
2270,c,58,A
2271,z,79,B
2272,e,66,A
2273,w,49,C
2274,x,37,B
2275,z,33,B
2276,d,70,A
2277,z,4,B
2278,e,3,A
2279,z,76,B
2280,f,46,C
2281,c,73,A
2282,z,68,B
2283,x,41,B
2284,c,42,A
2285,x,88,B
2286,x,16,B
2287,d,24,A
2288,e,49,A
2289,e,59,A
2290,w,35,C
2291,c,100,A
2292,w,80,C
2293,w,8,C
2294,x,38,B
2295,f,48,C
2296,e,59,A
2297,x,19,B
2298,e,70,A
2299,c,4,A
2300,w,56,C
2301,x,75,B
2302,f,35,C
2303,z,100,B
2304,f,65,C
2305,f,71,C
2306,f,68,C
2307,w,27,C
2308,f,97,C
2309,d,6,A
2310,x,89,B
2311,e,1,A
2312,d,33,A
2313,c,64,A
2314,z,100,B
2315,w,96,C
2316,f,56,C
2317,w,90,C
2318,c,23,A
2319,d,38,A
2320,e,70,A
2321,z,96,B
2322,w,17,C
2323,f,32,C
2324,c,87,A
2325,x,37,B
2326,d,61,A
2327,c,85,A
2328,e,6,A
2329,z,72,B
2330,w,82,C
2331,w,100,C
2332,e,73,A
2333,f,85,C
2334,c,75,A
2335,c,75,A
2336,x,48,B
2337,w,37,C
2338,e,32,A
2339,f,62,C
2340,x,71,B
2341,z,73,B
2342,x,31,B
2343,x,11,B
2344,d,49,A
2345,f,52,C
2346,z,70,B
2347,z,69,B
2348,e,77,A
2349,f,53,C
2350,x,72,B
2351,f,3,C
2352,w,84,C
2353,f,30,C
2354,e,11,A
2355,z,65,B
2356,e,64,A
2357,w,99,C
2358,f,52,C
2359,e,86,A
2360,f,62,C
2361,x,79,B
2362,e,92,A
2363,f,28,C
2364,e,61,A
2365,d,97,A
2366,x,57,B
2367,e,25,A
2368,x,44,B
2369,d,47,A
2370,d,2,A
2371,e,99,A
2372,w,92,C
2373,c,54,A
2374,w,99,C
2375,w,51,C
2376,c,9,A
2377,w,9,C
2378,x,96,B
2379,w,32,C
2380,x,35,B
2381,f,100,C
2382,e,79,A
2383,e,31,A
2384,f,4,C
2385,w,90,C
2386,z,5,B
2387,w,93,C
2388,d,24,A
2389,c,36,A
2390,w,1,C
2391,f,91,C
2392,w,77,C
2393,d,35,A
2394,z,25,B
2395,f,68,C
2396,w,78,C
2397,f,77,C
2398,w,60,C
2399,w,22,C
2400,x,62,B
2401,w,22,C
2402,w,1,C
2403,f,77,C
2404,c,23,A
2405,d,61,A
2406,z,43,B
2407,d,54,A
2408,f,30,C
2409,x,90,B
2410,z,41,B
2411,w,91,C
2412,w,11,C
2413,x,86,B
2414,x,16,B
2415,c,52,A
2416,f,9,C
2417,f,34,C
2418,c,73,A
2419,w,3,C
2420,c,46,A
2421,w,72,C
2422,f,84,C
2423,w,43,C
2424,c,85,A
2425,x,57,B
2426,w,34,C
2427,z,25,B
2428,e,31,A
2429,e,42,A
2430,f,31,C
2431,f,55,C
2432,e,7,A
2433,e,49,A
2434,c,84,A
2435,z,9,B
2436,w,65,C
2437,d,99,A
2438,z,61,B
2439,c,89,A
2440,e,35,A
2441,z,40,B
2442,z,41,B
2443,e,74,A
2444,z,88,B
2445,c,36,A
2446,w,65,C
2447,f,14,C
2448,e,52,A
2449,f,85,C
2450,c,86,A
2451,e,98,A
2452,w,53,C
2453,x,60,B
2454,e,50,A
2455,f,41,C
2456,c,11,A
2457,c,52,A
2458,c,36,A
2459,d,90,A
2460,x,52,B
2461,d,16,A
2462,c,73,A
2463,e,16,A
2464,x,16,B
2465,c,69,A
2466,f,54,C
2467,f,54,C
2468,x,87,B
2469,f,18,C
2470,x,62,B
2471,w,31,C
2472,z,62,B
2473,d,3,A
2474,z,35,B
2475,c,34,A
2476,f,17,C
2477,z,47,B
2478,w,68,C
2479,z,71,B
2480,d,66,A
2481,x,92,B
2482,e,100,A
2483,e,6,A
2484,e,47,A
2485,w,72,C
2486,z,100,B
2487,w,61,C
2488,f,25,C
2489,d,32,A
2490,c,32,A
2491,x,29,B
2492,c,15,A
2493,d,33,A
2494,x,13,B
2495,d,52,A
2496,z,49,B
2497,z,62,B
2498,c,86,A
2499,c,53,A
2500,z,15,B
2501,f,49,C
2502,x,49,B
2503,d,37,A
2504,w,94,C
2505,z,62,B
2506,x,92,B
2507,z,91,B
2508,w,53,C
2509,z,12,B
2510,c,12,A
2511,d,42,A
2512,e,53,A
2513,z,65,B
2514,d,50,A
2515,d,2,A
2516,z,13,B
2517,f,47,C
2518,d,69,A
2519,c,45,A
2520,c,45,A
2521,w,24,C
2522,z,76,B
2523,x,98,B
2524,e,80,A
2525,f,8,C
2526,f,85,C
2527,f,40,C
2528,z,22,B
2529,e,61,A
2530,x,17,B
2531,e,64,A
2532,c,15,A
2533,z,22,B
2534,d,38,A
2535,c,9,A
2536,f,85,C
2537,c,47,A
2538,e,12,A
2539,z,90,B
2540,f,82,C
2541,c,58,A
2542,w,9,C
2543,c,38,A
2544,e,92,A
2545,c,3,A
2546,c,71,A
2547,d,47,A
2548,x,78,B
2549,f,97,C
2550,c,27,A
2551,z,25,B
2552,x,14,B
2553,d,76,A
2554,d,41,A
2555,d,21,A
2556,c,50,A
2557,e,20,A
2558,w,96,C
2559,e,89,A
2560,f,54,C
2561,w,59,C
2562,x,75,B
2563,z,32,B
2564,e,11,A
2565,z,28,B
2566,f,54,C
2567,z,63,B
2568,f,83,C
2569,f,1,C
2570,c,75,A
2571,z,83,B
2572,f,10,C
2573,e,38,A
2574,d,80,A
2575,f,95,C
2576,w,40,C
2577,w,72,C
2578,e,26,A
2579,e,3,A
2580,e,5,A
2581,c,21,A
2582,c,100,A
2583,e,30,A
2584,w,21,C
2585,e,47,A
2586,w,53,C
2587,f,56,C
2588,w,93,C
2589,w,82,C
2590,c,88,A
2591,x,2,B
2592,f,21,C
2593,z,28,B
2594,z,53,B
2595,x,49,B
2596,w,94,C
2597,d,53,A
2598,d,71,A
2599,d,4,A
2600,z,31,B
2601,z,57,B
2602,e,93,A
2603,x,42,B
2604,x,69,B
2605,f,27,C
2606,x,36,B
2607,z,92,B
2608,z,52,B
2609,x,85,B
2610,z,98,B
2611,x,34,B
2612,w,5,C
2613,d,76,A
2614,x,11,B
2615,e,35,A
2616,x,2,B
2617,w,16,C
2618,f,49,C
2619,c,73,A
2620,e,6,A
2621,w,30,C
2622,d,78,A
2623,d,37,A
2624,e,23,A
2625,d,74,A
2626,e,26,A
2627,e,86,A
2628,f,77,C
2629,e,71,A
2630,x,63,B
2631,x,41,B
2632,e,80,A
2633,d,84,A
2634,w,60,C
2635,e,70,A
2636,x,64,B
2637,z,13,B
2638,e,9,A
2639,e,27,A
2640,z,44,B
2641,e,35,A
2642,w,54,C
2643,c,4,A
2644,e,82,A
2645,f,55,C
2646,c,93,A
2647,c,59,A
2648,f,94,C
2649,z,55,B
2650,z,51,B
2651,c,71,A
2652,c,69,A
2653,z,10,B
2654,e,96,A
2655,z,15,B
2656,e,85,A
2657,c,39,A
2658,x,69,B
2659,x,60,B
2660,f,67,C
2661,x,56,B
2662,z,28,B
2663,d,66,A
2664,f,74,C
2665,z,99,B
2666,x,78,B
2667,x,14,B
2668,f,10,C
2669,w,8,C
2670,d,44,A
2671,c,58,A
2672,z,18,B
2673,c,82,A
2674,c,22,A
2675,z,7,B
2676,e,5,A
2677,d,26,A
2678,f,77,C
2679,d,47,A
2680,d,15,A
2681,d,77,A
2682,z,52,B
2683,w,12,C
2684,e,39,A
2685,x,1,B
2686,x,32,B
2687,d,34,A
2688,x,28,B
2689,x,53,B
2690,z,42,B
2691,f,97,C
2692,w,24,C
2693,c,28,A
2694,e,81,A
2695,x,66,B
2696,z,36,B
2697,d,89,A
2698,e,71,A
2699,c,2,A
2700,w,13,C
2701,e,25,A
2702,d,74,A
2703,w,94,C
2704,d,42,A
2705,x,59,B
2706,f,99,C
2707,z,6,B
2708,c,68,A
2709,z,36,B
2710,x,89,B
2711,x,97,B
2712,f,14,C
2713,d,37,A
2714,c,41,A
2715,e,26,A
2716,e,21,A
2717,w,60,C
2718,c,12,A
2719,e,6,A
2720,c,95,A
2721,w,9,C
2722,c,82,A
2723,e,83,A
2724,d,79,A
2725,f,14,C
2726,w,31,C
2727,e,10,A
2728,d,7,A
2729,w,4,C
2730,d,25,A
2731,x,95,B
2732,z,43,B
2733,w,86,C
2734,w,45,C
2735,f,77,C
2736,d,26,A
2737,w,9,C
2738,x,61,B
2739,f,28,C
2740,e,7,A
2741,z,11,B
2742,z,3,B
2743,e,36,A
2744,x,99,B
2745,d,59,A
2746,w,32,C
2747,f,65,C
2748,w,85,C
2749,d,51,A
2750,c,88,A
2751,e,88,A
2752,d,21,A
2753,w,59,C
2754,x,41,B
2755,x,43,B
2756,x,61,B
2757,d,14,A
2758,z,46,B
2759,d,89,A
2760,f,74,C
2761,z,6,B
2762,e,98,A
2763,e,34,A
2764,w,98,C
2765,z,23,B
2766,z,84,B
2767,x,28,B
2768,c,50,A
2769,c,47,A
2770,x,9,B
2771,d,3,A
2772,c,23,A
2773,w,3,C
2774,c,83,A
2775,c,83,A
2776,e,76,A
2777,z,97,B
2778,c,77,A
2779,d,93,A
2780,d,16,A
2781,c,32,A
2782,z,41,B
2783,d,8,A
2784,x,22,B
2785,x,4,B
2786,z,61,B
2787,x,2,B
2788,d,83,A
2789,z,33,B
2790,x,26,B
2791,e,8,A
2792,c,39,A
2793,d,16,A
2794,e,53,A
2795,x,3,B
2796,w,8,C
2797,x,28,B
2798,e,30,A
2799,x,15,B
2800,z,77,B
2801,z,47,B
2802,c,74,A
2803,e,84,A
2804,f,14,C
2805,z,48,B
2806,x,51,B
2807,c,94,A
2808,c,97,A
2809,e,60,A
2810,w,29,C
2811,x,100,B
2812,z,78,B
2813,w,10,C
2814,e,46,A
2815,x,40,B
2816,z,80,B
2817,e,42,A
2818,f,19,C
2819,z,37,B
2820,w,61,C
2821,f,7,C
2822,d,87,A
2823,w,70,C
2824,z,58,B
2825,x,48,B
2826,f,8,C
2827,x,91,B
2828,w,77,C
2829,e,50,A
2830,c,47,A
2831,w,17,C
2832,c,31,A
2833,x,15,B
2834,w,54,C
2835,w,84,C
2836,c,1,A
2837,c,82,A
2838,c,80,A
2839,x,47,B
2840,z,44,B
2841,d,52,A
2842,c,3,A
2843,w,46,C
2844,w,79,C
2845,e,86,A
2846,c,17,A
2847,e,7,A
2848,z,64,B
2849,x,62,B
2850,e,2,A
2851,w,95,C
2852,w,44,C
2853,d,94,A
2854,w,30,C
2855,f,35,C
2856,d,68,A
2857,f,65,C
2858,z,65,B
2859,z,78,B
2860,d,2,A
2861,x,85,B
2862,w,32,C
2863,e,97,A
2864,e,30,A
2865,c,76,A
2866,x,91,B
2867,f,36,C
2868,f,1,C
2869,d,92,A
2870,x,76,B
2871,w,6,C
2872,f,81,C
2873,d,49,A
2874,w,6,C
2875,e,20,A
2876,x,19,B
2877,f,57,C
2878,z,97,B
2879,f,63,C
2880,f,40,C
2881,w,46,C
2882,e,23,A
2883,x,62,B
2884,c,92,A
2885,e,65,A
2886,f,89,C
2887,f,39,C
2888,c,39,A
2889,d,74,A
2890,z,39,B
2891,d,15,A
2892,e,46,A
2893,e,35,A
2894,w,76,C
2895,d,99,A
2896,z,69,B
2897,d,94,A
2898,d,85,A
2899,w,91,C
2900,z,31,B
2901,x,99,B
2902,f,50,C
2903,w,83,C
2904,f,77,C
2905,d,36,A
2906,w,56,C
2907,f,23,C
2908,d,9,A
2909,f,21,C
2910,d,84,A
2911,f,39,C
2912,x,74,B
2913,w,94,C
2914,c,85,A
2915,f,23,C
2916,x,90,B
2917,d,3,A
2918,x,97,B
2919,w,24,C
2920,f,38,C
2921,z,29,B
2922,e,65,A
2923,f,23,C
2924,w,41,C
2925,x,77,B
2926,c,11,A
2927,e,5,A
2928,d,39,A
2929,x,41,B
2930,f,77,C
2931,e,43,A
2932,e,39,A
2933,c,7,A
2934,x,55,B
2935,z,31,B
2936,x,99,B
2937,w,79,C
2938,x,18,B
2939,z,55,B
2940,d,51,A
2941,d,76,A
2942,c,81,A
2943,f,30,C
2944,e,40,A
2945,f,73,C
2946,z,24,B
2947,e,14,A
2948,f,74,C
2949,e,35,A
2950,x,56,B
2951,e,44,A
2952,e,73,A
2953,z,56,B
2954,f,73,C
2955,x,58,B
2956,c,37,A
2957,f,47,C
2958,x,97,B
2959,e,56,A
2960,c,57,A
2961,x,5,B
2962,c,24,A
2963,c,66,A
2964,f,3,C
2965,z,49,B
2966,w,71,C
2967,z,70,B
2968,z,84,B
2969,w,42,C
2970,x,46,B
2971,x,31,B
2972,f,42,C
2973,w,75,C
2974,w,84,C
2975,d,57,A
2976,d,81,A
2977,x,1,B
2978,c,77,A
2979,c,97,A
2980,f,2,C
2981,d,12,A
2982,z,45,B
2983,z,13,B
2984,x,92,B
2985,x,95,B
2986,d,67,A
2987,c,79,A
2988,d,96,A
2989,z,48,B
2990,x,1,B
2991,f,90,C
2992,w,16,C
2993,w,75,C
2994,x,15,B
2995,z,89,B
2996,x,54,B
2997,e,57,A
2998,w,86,C
2999,e,6,A
3000,d,100,A
3001,z,31,B
3002,z,56,B
3003,e,44,A
3004,x,46,B
3005,z,37,B
3006,f,58,C
3007,z,79,B
3008,f,88,C
3009,c,50,A
3010,e,56,A
3011,c,89,A
3012,c,20,A
3013,z,7,B
3014,z,80,B
3015,c,9,A
3016,d,6,A
3017,e,90,A
3018,e,65,A
3019,x,59,B
3020,x,51,B
3021,d,36,A
3022,w,63,C
3023,w,74,C
3024,z,32,B
3025,d,59,A
3026,d,59,A
3027,f,57,C
3028,z,24,B
3029,z,73,B
3030,d,56,A
3031,c,48,A
3032,f,1,C
3033,w,84,C
3034,c,7,A
3035,c,27,A
3036,d,36,A
3037,z,80,B
3038,z,22,B
3039,x,66,B
3040,x,96,B
3041,e,73,A
3042,z,31,B
3043,z,39,B
3044,x,99,B
3045,z,28,B
3046,x,100,B
3047,z,81,B
3048,c,73,A
3049,z,71,B
3050,w,65,C
3051,z,74,B
3052,f,72,C
3053,c,93,A
3054,w,81,C
3055,x,17,B
3056,c,43,A
3057,z,64,B
3058,w,33,C
3059,x,18,B
3060,d,20,A
3061,f,55,C
3062,w,38,C
3063,f,9,C
3064,e,54,A
3065,e,9,A
3066,w,9,C
3067,w,53,C
3068,d,73,A
3069,f,16,C
3070,d,15,A
3071,z,11,B
3072,f,43,C
3073,w,38,C
3074,e,45,A
3075,f,25,C
3076,x,72,B
3077,w,27,C
3078,c,22,A
3079,e,97,A
3080,x,45,B
3081,z,62,B
3082,c,91,A
3083,w,18,C
3084,x,55,B
3085,c,69,A
3086,w,24,C
3087,c,80,A
3088,e,97,A
3089,e,77,A
3090,c,38,A
3091,x,9,B
3092,e,90,A
3093,c,63,A
3094,c,29,A
3095,c,5,A
3096,d,38,A
3097,z,59,B
3098,c,57,A
3099,w,99,C
3100,e,43,A
3101,w,73,C
3102,c,44,A
3103,c,73,A
3104,e,18,A
3105,e,97,A
3106,f,58,C
3107,e,94,A
3108,d,87,A
3109,w,9,C
3110,z,86,B
3111,z,73,B
3112,z,41,B
3113,z,99,B
3114,x,77,B
3115,e,78,A
3116,d,68,A
3117,w,79,C
3118,e,43,A
3119,z,18,B
3120,f,6,C
3121,f,88,C
3122,z,87,B
3123,x,54,B
3124,e,73,A
3125,f,37,C
3126,c,99,A
3127,c,37,A
3128,c,55,A
3129,f,29,C
3130,e,8,A
3131,z,82,B
3132,z,77,B
3133,c,67,A
3134,x,34,B
3135,f,66,C
3136,d,45,A
3137,z,91,B
3138,e,7,A
3139,w,99,C
3140,e,33,A
3141,z,46,B
3142,z,66,B
3143,z,32,B
3144,x,70,B
3145,e,23,A
3146,e,24,A
3147,c,32,A
3148,c,77,A
3149,x,11,B
3150,w,28,C
3151,c,34,A
3152,e,2,A
3153,f,53,C
3154,f,11,C
3155,x,84,B
3156,e,27,A
3157,w,26,C
3158,z,33,B
3159,w,31,C
3160,z,6,B
3161,f,80,C
3162,d,96,A
3163,e,78,A
3164,x,2,B
3165,d,9,A
3166,e,68,A
3167,w,13,C
3168,d,62,A
3169,f,56,C
3170,c,6,A
3171,w,49,C
3172,c,53,A
3173,x,58,B
3174,x,60,B
3175,c,4,A
3176,w,79,C
3177,e,67,A
3178,z,21,B
3179,e,41,A
3180,d,68,A
3181,e,56,A
3182,x,43,B
3183,e,56,A
3184,e,49,A
3185,d,30,A
3186,x,100,B
3187,f,19,C
3188,z,24,B
3189,z,47,B
3190,x,69,B
3191,z,69,B
3192,f,4,C
3193,d,74,A
3194,w,43,C
3195,e,11,A
3196,d,53,A
3197,z,40,B
3198,e,24,A
3199,x,94,B
3200,f,50,C
3201,x,97,B
3202,c,54,A
3203,w,36,C
3204,c,48,A
3205,x,90,B
3206,e,51,A
3207,e,100,A
3208,d,5,A
3209,z,41,B
3210,d,29,A
3211,w,93,C
3212,e,81,A
3213,c,13,A
3214,c,69,A
3215,d,89,A
3216,f,69,C
3217,d,17,A
3218,z,54,B
3219,f,23,C
3220,c,78,A
3221,x,33,B
3222,z,52,B
3223,d,30,A
3224,d,47,A
3225,e,11,A
3226,e,2,A
3227,d,93,A
3228,d,96,A
3229,f,49,C
3230,c,29,A
3231,c,73,A
3232,w,33,C
3233,z,17,B
3234,z,86,B
3235,c,7,A
3236,d,77,A
3237,f,49,C
3238,d,51,A
3239,c,58,A
3240,z,58,B
3241,w,9,C
3242,c,13,A
3243,x,84,B
3244,f,81,C
3245,x,92,B
3246,z,93,B
3247,e,33,A
3248,f,66,C
3249,x,81,B
3250,x,28,B
3251,d,16,A
3252,d,47,A
3253,f,62,C
3254,f,83,C
3255,f,40,C
3256,d,35,A
3257,c,41,A
3258,w,26,C
3259,d,12,A
3260,c,90,A
3261,w,76,C
3262,f,96,C
3263,d,81,A
3264,e,72,A
3265,d,83,A
3266,c,71,A
3267,x,26,B
3268,w,60,C
3269,e,62,A
3270,w,13,C
3271,d,74,A
3272,z,7,B
3273,c,22,A
3274,w,63,C
3275,f,68,C
3276,c,97,A
3277,w,50,C
3278,f,36,C
3279,e,61,A
3280,d,11,A
3281,e,36,A
3282,d,27,A
3283,e,98,A
3284,c,13,A
3285,d,90,A
3286,w,30,C
3287,d,70,A
3288,w,99,C
3289,c,68,A
3290,x,75,B
3291,w,83,C
3292,x,83,B
3293,x,61,B
3294,d,40,A
3295,c,90,A
3296,d,21,A
3297,c,64,A
3298,z,74,B
3299,w,18,C
3300,f,3,C
3301,d,6,A
3302,x,7,B
3303,w,46,C
3304,f,84,C
3305,x,73,B
3306,f,71,C
3307,w,12,C
3308,w,65,C
3309,c,82,A
3310,w,4,C
3311,d,68,A
3312,e,24,A
3313,z,72,B
3314,w,23,C
3315,w,100,C
3316,x,88,B
3317,e,62,A
3318,x,53,B
3319,x,72,B
3320,x,30,B
3321,f,46,C
3322,f,28,C
3323,c,44,A
3324,f,16,C
3325,d,1,A
3326,c,24,A
3327,w,43,C
3328,w,99,C
3329,x,67,B
3330,z,80,B
3331,z,96,B
3332,z,51,B
3333,x,24,B
3334,d,32,A
3335,w,12,C
3336,e,64,A
3337,e,29,A
3338,w,29,C
3339,x,25,B
3340,d,32,A
3341,w,45,C
3342,d,67,A
3343,w,27,C
3344,c,79,A
3345,e,83,A
3346,c,44,A
3347,f,31,C
3348,c,68,A
3349,e,8,A
3350,c,77,A
3351,d,46,A
3352,c,69,A
3353,x,38,B
3354,z,2,B
3355,f,82,C
3356,f,46,C
3357,d,77,A
3358,d,66,A
3359,e,18,A
3360,e,72,A
3361,w,24,C
3362,z,6,B
3363,d,32,A
3364,x,36,B
3365,d,8,A
3366,w,47,C
3367,e,19,A
3368,d,72,A
3369,x,22,B
3370,e,32,A
3371,z,25,B
3372,z,8,B
3373,c,88,A
3374,x,87,B
3375,x,70,B
3376,c,88,A
3377,c,13,A
3378,e,28,A
3379,x,7,B
3380,c,81,A
3381,c,78,A
3382,d,66,A
3383,x,54,B
3384,d,65,A
3385,w,53,C
3386,e,72,A
3387,d,19,A
3388,f,75,C
3389,d,74,A
3390,w,38,C
3391,f,22,C
3392,d,68,A
3393,c,45,A
3394,d,63,A
3395,x,9,B
3396,w,4,C
3397,e,100,A
3398,c,53,A
3399,w,78,C
3400,x,54,B
3401,f,28,C
3402,x,30,B
3403,z,92,B
3404,c,14,A
3405,c,80,A
3406,w,42,C
3407,c,40,A
3408,z,76,B
3409,c,52,A
3410,w,6,C
3411,w,83,C
3412,z,18,B
3413,w,87,C
3414,x,45,B
3415,x,44,B
3416,e,19,A
3417,d,89,A
3418,e,42,A
3419,e,88,A
3420,f,77,C
3421,c,71,A
3422,z,45,B
3423,c,54,A
3424,e,65,A
3425,z,61,B
3426,x,48,B
3427,c,36,A
3428,d,73,A
3429,c,54,A
3430,x,32,B
3431,f,28,C
3432,x,18,B
3433,c,10,A
3434,e,95,A
3435,c,34,A
3436,x,54,B
3437,f,50,C
3438,d,35,A
3439,z,99,B
3440,x,96,B
3441,e,69,A
3442,e,68,A
3443,w,55,C
3444,c,37,A
3445,c,22,A
3446,x,54,B
3447,e,38,A
3448,c,2,A
3449,d,77,A
3450,z,8,B
3451,f,32,C
3452,f,68,C
3453,z,75,B
3454,f,39,C
3455,c,11,A
3456,c,23,A
3457,c,17,A
3458,e,30,A
3459,c,46,A
3460,e,9,A
3461,w,36,C
3462,z,7,B
3463,e,3,A
3464,d,97,A
3465,d,10,A
3466,c,71,A
3467,c,29,A
3468,c,56,A
3469,w,69,C
3470,z,75,B
3471,x,11,B
3472,z,99,B
3473,e,61,A
3474,c,60,A
3475,z,89,B
3476,c,49,A
3477,c,14,A
3478,z,10,B
3479,c,90,A
3480,z,22,B
3481,f,47,C
3482,c,61,A
3483,f,100,C
3484,x,95,B
3485,c,45,A
3486,z,17,B
3487,d,33,A
3488,c,97,A
3489,c,53,A
3490,c,71,A
3491,c,19,A
3492,e,60,A
3493,w,49,C
3494,d,37,A
3495,d,10,A
3496,f,13,C
3497,e,79,A
3498,z,22,B
3499,x,96,B
3500,c,86,A
3501,x,49,B
3502,w,53,C
3503,x,28,B
3504,x,79,B
3505,w,58,C
3506,w,21,C
3507,c,49,A
3508,d,19,A
3509,x,46,B
3510,e,44,A
3511,c,16,A
3512,d,7,A
3513,c,94,A
3514,c,69,A
3515,d,84,A
3516,x,67,B
3517,x,78,B
3518,z,80,B
3519,f,68,C
3520,z,70,B
3521,d,83,A
3522,x,37,B
3523,f,91,C
3524,z,9,B
3525,e,30,A
3526,e,82,A
3527,x,98,B
3528,c,66,A
3529,d,90,A
3530,w,69,C
3531,f,33,C
3532,f,33,C
3533,e,66,A
3534,w,44,C
3535,z,88,B
3536,w,39,C
3537,x,85,B
3538,f,73,C
3539,z,64,B
3540,z,30,B
3541,w,75,C
3542,e,66,A
3543,e,93,A
3544,z,56,B
3545,x,9,B
3546,f,73,C
3547,w,50,C
3548,x,95,B
3549,d,33,A
3550,c,68,A
3551,e,87,A
3552,x,48,B
3553,f,2,C
3554,f,16,C
3555,z,76,B
3556,c,3,A
3557,w,4,C
3558,w,18,C
3559,c,17,A
3560,z,63,B
3561,c,34,A
3562,x,41,B
3563,c,12,A
3564,x,10,B
3565,f,75,C
3566,c,71,A
3567,x,90,B
3568,f,93,C
3569,f,7,C
3570,d,73,A
3571,w,37,C
3572,e,88,A
3573,c,21,A
3574,w,91,C
3575,e,11,A
3576,z,87,B
3577,w,8,C
3578,w,49,C
3579,c,62,A
3580,f,4,C
3581,c,33,A
3582,z,86,B
3583,z,89,B
3584,e,92,A
3585,d,16,A
3586,z,31,B
3587,w,16,C
3588,d,4,A
3589,c,49,A
3590,c,49,A
3591,e,32,A
3592,w,64,C
3593,d,85,A
3594,z,80,B
3595,w,43,C
3596,c,23,A
3597,c,30,A
3598,d,48,A
3599,c,85,A
3600,w,61,C
3601,f,18,C
3602,x,91,B
3603,x,64,B
3604,c,43,A
3605,e,86,A
3606,c,42,A
3607,e,47,A
3608,f,84,C
3609,d,18,A
3610,z,94,B
3611,x,39,B
3612,f,60,C
3613,e,46,A
3614,c,9,A
3615,x,19,B
3616,w,40,C
3617,e,73,A
3618,f,86,C
3619,c,21,A
3620,w,99,C
3621,e,81,A
3622,e,39,A
3623,z,70,B
3624,w,95,C
3625,f,20,C
3626,z,62,B
3627,f,43,C
3628,c,97,A
3629,f,68,C
3630,x,58,B
3631,f,89,C
3632,f,31,C
3633,d,7,A
3634,f,37,C
3635,x,55,B
3636,d,9,A
3637,c,65,A
3638,x,5,B
3639,w,23,C
3640,f,13,C
3641,x,41,B
3642,d,75,A
3643,f,7,C
3644,x,57,B
3645,z,45,B
3646,d,79,A
3647,z,40,B
3648,z,80,B
3649,z,69,B
3650,w,74,C
3651,d,28,A
3652,z,30,B
3653,d,7,A
3654,z,81,B
3655,c,21,A
3656,z,67,B
3657,f,43,C
3658,e,86,A
3659,e,38,A
3660,d,32,A
3661,w,35,C
3662,d,75,A
3663,x,35,B
3664,d,84,A
3665,w,45,C
3666,x,31,B
3667,d,10,A
3668,z,81,B
3669,w,92,C
3670,e,88,A
3671,x,44,B
3672,x,71,B
3673,c,15,A
3674,z,64,B
3675,d,98,A
3676,e,97,A
3677,d,100,A
3678,c,55,A
3679,z,81,B
3680,c,11,A
3681,w,47,C
3682,w,5,C
3683,x,27,B
3684,w,32,C
3685,z,85,B
3686,z,28,B
3687,w,14,C
3688,x,30,B
3689,z,26,B
3690,c,53,A
3691,x,31,B
3692,w,24,C
3693,w,53,C
3694,e,37,A
3695,z,6,B
3696,w,66,C
3697,e,65,A
3698,w,45,C
3699,f,14,C
3700,e,84,A
3701,w,12,C
3702,d,83,A
3703,z,75,B
3704,f,79,C
3705,f,12,C
3706,z,35,B
3707,x,12,B
3708,w,23,C
3709,z,64,B
3710,x,58,B
3711,c,55,A
3712,x,63,B
3713,f,32,C
3714,d,55,A
3715,e,43,A
3716,d,14,A
3717,c,70,A
3718,d,2,A
3719,z,22,B
3720,e,23,A
3721,w,43,C
3722,d,45,A
3723,e,39,A
3724,e,2,A
3725,w,98,C
3726,z,60,B
3727,f,75,C
3728,c,9,A
3729,c,36,A
3730,e,74,A
3731,d,38,A
3732,x,98,B
3733,e,1,A
3734,e,63,A
3735,z,85,B
3736,x,20,B
3737,f,90,C
3738,d,42,A
3739,f,7,C
3740,f,99,C
3741,w,38,C
3742,f,4,C
3743,x,61,B
3744,d,27,A
3745,x,24,B
3746,z,78,B
3747,z,44,B
3748,x,40,B
3749,d,25,A
3750,x,14,B
3751,w,45,C
3752,c,64,A
3753,e,21,A
3754,e,31,A
3755,f,39,C
3756,z,79,B
3757,e,58,A
3758,f,64,C
3759,f,6,C
3760,f,54,C
3761,x,96,B
3762,e,37,A
3763,x,44,B
3764,z,11,B
3765,d,25,A
3766,c,9,A
3767,x,26,B
3768,c,100,A
3769,c,70,A
3770,c,4,A
3771,e,90,A
3772,c,44,A
3773,e,4,A
3774,x,1,B
3775,x,74,B
3776,w,17,C
3777,z,11,B
3778,x,24,B
3779,w,34,C
3780,d,62,A
3781,z,59,B
3782,z,26,B
3783,f,7,C
3784,f,24,C
3785,x,85,B
3786,w,31,C
3787,f,30,C
3788,w,95,C
3789,e,36,A
3790,w,93,C
3791,w,37,C
3792,f,25,C
3793,f,15,C
3794,c,79,A
3795,w,10,C
3796,d,75,A
3797,f,27,C
3798,x,95,B
3799,x,2,B
3800,d,78,A
3801,x,28,B
3802,w,52,C
3803,z,62,B
3804,f,27,C
3805,f,83,C
3806,x,97,B
3807,x,52,B
3808,z,8,B
3809,e,84,A
3810,d,3,A
3811,z,65,B
3812,f,56,C
3813,d,53,A
3814,f,45,C
3815,w,69,C
3816,e,13,A
3817,c,62,A
3818,e,33,A
3819,d,100,A
3820,x,30,B
3821,z,35,B
3822,e,3,A
3823,x,80,B
3824,z,66,B
3825,c,56,A
3826,f,52,C
3827,w,27,C
3828,d,67,A
3829,w,81,C
3830,x,74,B
3831,w,86,C
3832,f,11,C
3833,w,15,C
3834,e,82,A
3835,d,26,A
3836,x,10,B
3837,z,90,B
3838,e,89,A
3839,d,25,A
3840,x,16,B
3841,c,9,A
3842,d,90,A
3843,x,85,B
3844,f,26,C
3845,z,70,B
3846,f,28,C
3847,c,100,A
3848,d,47,A
3849,x,89,B
3850,x,84,B
3851,f,90,C
3852,d,53,A
3853,w,38,C
3854,e,78,A
3855,w,75,C
3856,d,15,A
3857,z,77,B
3858,d,39,A
3859,z,100,B
3860,c,100,A
3861,x,60,B
3862,z,54,B
3863,e,73,A
3864,d,82,A
3865,d,40,A
3866,c,21,A
3867,z,44,B
3868,w,75,C
3869,z,16,B
3870,e,95,A
3871,w,27,C
3872,x,66,B
3873,w,27,C
3874,e,14,A
3875,x,94,B
3876,f,14,C
3877,e,72,A
3878,f,98,C
3879,c,93,A
3880,e,67,A
3881,c,16,A
3882,z,89,B
3883,z,98,B
3884,z,31,B
3885,e,81,A
3886,z,54,B
3887,e,95,A
3888,c,16,A
3889,e,49,A
3890,c,98,A
3891,c,56,A
3892,f,46,C
3893,f,79,C
3894,c,3,A
3895,f,10,C
3896,d,49,A
3897,x,67,B
3898,e,56,A
3899,c,80,A
3900,d,98,A
3901,z,31,B
3902,x,78,B
3903,d,79,A
3904,z,10,B
3905,w,16,C
3906,z,64,B
3907,e,1,A
3908,w,100,C
3909,z,14,B
3910,z,99,B
3911,c,7,A
3912,c,99,A
3913,f,48,C
3914,c,87,A
3915,w,36,C
3916,x,3,B
3917,e,99,A
3918,e,51,A
3919,d,90,A
3920,c,82,A
3921,d,77,A
3922,e,85,A
3923,x,97,B
3924,x,77,B
3925,z,11,B
3926,z,5,B
3927,f,63,C
3928,c,26,A
3929,d,6,A
3930,f,5,C
3931,d,28,A
3932,z,63,B
3933,z,2,B
3934,e,13,A
3935,c,2,A
3936,c,45,A
3937,x,9,B
3938,e,59,A
3939,c,94,A
3940,d,6,A
3941,z,77,B
3942,d,43,A
3943,x,48,B
3944,f,26,C
3945,x,99,B
3946,d,66,A
3947,x,53,B
3948,w,18,C
3949,w,75,C
3950,x,13,B
3951,w,1,C
3952,d,63,A
3953,f,7,C
3954,e,1,A
3955,x,97,B
3956,e,81,A
3957,f,2,C
3958,z,87,B
3959,c,74,A
3960,e,26,A
3961,d,86,A
3962,w,36,C
3963,d,33,A
3964,x,59,B
3965,w,52,C
3966,d,51,A
3967,d,13,A
3968,c,52,A
3969,w,39,C
3970,x,80,B
3971,f,35,C
3972,e,35,A
3973,c,98,A
3974,c,55,A
3975,d,87,A
3976,w,32,C
3977,x,63,B
3978,x,29,B
3979,d,94,A
3980,c,41,A
3981,e,92,A
3982,c,67,A
3983,d,36,A
3984,z,67,B
3985,c,94,A
3986,w,65,C
3987,z,21,B
3988,w,29,C
3989,c,69,A
3990,c,8,A
3991,c,5,A
3992,x,75,B
3993,c,36,A
3994,w,35,C
3995,z,57,B
3996,z,54,B
3997,w,70,C
3998,f,73,C
3999,c,4,A
4000,c,47,A
4001,x,90,B
4002,x,81,B
4003,w,77,C
4004,c,81,A
4005,d,64,A
4006,x,95,B
4007,c,23,A
4008,e,25,A
4009,e,93,A
4010,d,11,A
4011,e,94,A
4012,z,84,B
4013,w,39,C
4014,z,29,B
4015,w,83,C
4016,x,42,B
4017,w,53,C
4018,z,88,B
4019,w,98,C
4020,w,65,C
4021,d,67,A
4022,e,71,A
4023,z,52,B
4024,f,26,C
4025,e,35,A
4026,d,3,A
4027,e,14,A
4028,f,79,C
4029,e,60,A
4030,e,9,A
4031,f,22,C
4032,c,30,A
4033,x,55,B
4034,e,36,A
4035,c,17,A
4036,d,99,A
4037,z,67,B
4038,e,29,A
4039,w,25,C
4040,w,93,C
4041,z,49,B
4042,x,76,B
4043,x,47,B
4044,w,75,C
4045,f,32,C
4046,x,12,B
4047,f,21,C
4048,d,95,A
4049,z,45,B
4050,f,77,C
4051,w,63,C
4052,x,42,B
4053,c,42,A
4054,f,74,C
4055,f,87,C
4056,x,54,B
4057,z,94,B
4058,z,59,B
4059,e,99,A
4060,e,87,A
4061,d,76,A
4062,x,93,B
4063,d,45,A
4064,w,20,C
4065,e,68,A
4066,x,59,B
4067,w,35,C
4068,f,95,C
4069,d,2,A
4070,w,6,C
4071,f,97,C
4072,w,50,C
4073,w,36,C
4074,w,59,C
4075,z,57,B
4076,f,11,C
4077,c,56,A
4078,c,32,A
4079,w,97,C
4080,z,3,B
4081,z,33,B
4082,w,2,C
4083,e,48,A
4084,w,80,C
4085,d,59,A
4086,f,87,C
4087,f,36,C
4088,f,91,C
4089,z,6,B
4090,f,34,C
4091,d,74,A
4092,x,54,B
4093,x,14,B
4094,e,17,A
4095,c,6,A
4096,e,93,A
4097,x,84,B
4098,z,26,B
4099,d,12,A
4100,x,63,B
4101,w,12,C
4102,d,33,A
4103,d,87,A
4104,z,43,B
4105,e,8,A
4106,z,43,B
4107,w,5,C
4108,z,18,B
4109,f,23,C
4110,w,16,C
4111,z,15,B
4112,e,86,A
4113,d,26,A
4114,x,74,B
4115,x,21,B
4116,c,54,A
4117,w,100,C
4118,e,87,A
4119,z,41,B
4120,z,62,B
4121,e,18,A
4122,e,70,A
4123,f,69,C
4124,z,32,B
4125,w,30,C
4126,x,77,B
4127,d,99,A
4128,d,47,A
4129,x,9,B
4130,f,86,C
4131,e,91,A
4132,d,15,A
4133,c,26,A
4134,f,62,C
4135,d,15,A
4136,f,16,C
4137,w,92,C
4138,w,57,C
4139,c,57,A
4140,d,4,A
4141,z,71,B
4142,x,33,B
4143,c,63,A
4144,d,93,A
4145,w,61,C
4146,f,60,C
4147,z,1,B
4148,z,18,B
4149,x,55,B
4150,w,50,C
4151,f,34,C
4152,e,62,A
4153,x,44,B
4154,d,1,A
4155,f,23,C
4156,z,63,B
4157,f,8,C
4158,z,50,B
4159,z,73,B
4160,z,99,B
4161,e,60,A
4162,e,2,A
4163,d,72,A
4164,d,98,A
4165,w,60,C
4166,c,72,A
4167,x,96,B
4168,f,68,C
4169,w,29,C
4170,x,13,B
4171,x,52,B
4172,f,80,C
4173,f,82,C
4174,c,11,A
4175,z,77,B
4176,w,71,C
4177,c,28,A
4178,w,33,C
4179,f,55,C
4180,w,61,C
4181,d,58,A
4182,f,61,C
4183,f,93,C
4184,f,5,C
4185,e,28,A
4186,x,47,B
4187,e,99,A
4188,x,14,B
4189,c,96,A
4190,w,50,C
4191,w,49,C
4192,w,13,C
4193,w,19,C
4194,c,57,A
4195,f,45,C
4196,e,100,A
4197,w,21,C
4198,d,94,A
4199,d,10,A
4200,x,93,B
4201,c,10,A
4202,x,91,B
4203,e,57,A
4204,c,12,A
4205,f,7,C
4206,x,6,B
4207,c,82,A
4208,e,14,A
4209,w,55,C
4210,c,69,A
4211,f,22,C
4212,c,95,A
4213,d,64,A
4214,w,13,C
4215,z,94,B
4216,c,26,A
4217,z,72,B
4218,e,27,A
4219,w,28,C
4220,e,33,A
4221,f,66,C
4222,f,95,C
4223,e,20,A
4224,x,49,B
4225,w,77,C
4226,x,52,B
4227,f,76,C
4228,f,83,C
4229,w,38,C
4230,w,40,C
4231,e,44,A
4232,f,63,C
4233,w,24,C
4234,c,3,A
4235,e,37,A
4236,d,25,A
4237,z,84,B
4238,e,26,A
4239,f,26,C
4240,x,53,B
4241,e,37,A
4242,x,21,B
4243,z,91,B
4244,e,93,A
4245,e,13,A
4246,x,30,B
4247,e,2,A
4248,w,28,C
4249,d,34,A
4250,e,11,A
4251,d,84,A
4252,c,46,A
4253,z,64,B
4254,d,55,A
4255,d,35,A
4256,d,34,A
4257,e,79,A
4258,x,23,B
4259,f,23,C
4260,f,48,C
4261,f,93,C
4262,w,85,C
4263,z,55,B
4264,w,95,C
4265,c,58,A
4266,e,53,A
4267,d,16,A
4268,x,25,B
4269,c,6,A
4270,e,56,A
4271,x,23,B
4272,f,96,C
4273,c,93,A
4274,f,96,C
4275,d,98,A
4276,d,68,A
4277,c,96,A
4278,d,85,A
4279,c,96,A
4280,c,65,A
4281,d,32,A
4282,z,5,B
4283,z,97,B
4284,z,47,B
4285,e,72,A
4286,z,47,B
4287,d,57,A
4288,z,20,B
4289,w,33,C
4290,x,6,B
4291,x,71,B
4292,x,97,B
4293,w,51,C
4294,c,29,A
4295,f,22,C
4296,c,12,A
4297,c,7,A
4298,e,47,A
4299,d,86,A
4300,w,35,C
4301,w,23,C
4302,w,48,C
4303,w,99,C
4304,e,1,A
4305,f,99,C
4306,z,69,B
4307,e,13,A
4308,z,28,B
4309,f,20,C
4310,f,69,C
4311,f,56,C
4312,w,30,C
4313,d,24,A
4314,f,19,C
4315,c,94,A
4316,f,100,C
4317,f,70,C
4318,d,72,A
4319,x,29,B
4320,f,59,C
4321,e,16,A
4322,d,85,A
4323,f,70,C
4324,x,20,B
4325,f,84,C
4326,z,49,B
4327,w,20,C
4328,e,54,A
4329,e,25,A
4330,w,99,C
4331,c,2,A
4332,f,59,C
4333,w,26,C
4334,w,70,C
4335,e,68,A
4336,d,60,A
4337,f,96,C
4338,c,83,A
4339,e,67,A
4340,f,94,C
4341,e,98,A
4342,e,87,A
4343,w,19,C
4344,w,96,C
4345,c,32,A
4346,z,7,B
4347,z,10,B
4348,w,95,C
4349,e,15,A
4350,f,30,C
4351,w,23,C
4352,e,71,A
4353,e,34,A
4354,w,25,C
4355,x,86,B
4356,x,34,B
4357,x,48,B
4358,x,98,B
4359,z,59,B
4360,x,38,B
4361,x,100,B
4362,w,28,C
4363,d,82,A
4364,c,4,A
4365,c,61,A
4366,e,76,A
4367,x,18,B
4368,c,71,A
4369,x,46,B
4370,e,66,A
4371,z,58,B
4372,z,15,B
4373,c,13,A
4374,x,72,B
4375,d,75,A
4376,w,81,C
4377,c,58,A
4378,d,62,A
4379,d,94,A
4380,z,11,B
4381,d,62,A
4382,e,36,A
4383,x,60,B
4384,e,9,A
4385,f,22,C
4386,d,70,A
4387,w,15,C
4388,c,23,A
4389,w,22,C
4390,z,9,B
4391,c,40,A
4392,e,90,A
4393,e,87,A
4394,e,42,A
4395,c,43,A
4396,d,16,A
4397,x,15,B
4398,d,77,A
4399,e,66,A
4400,d,81,A
4401,x,43,B
4402,d,44,A
4403,e,24,A
4404,c,50,A
4405,f,85,C
4406,w,39,C
4407,w,47,C
4408,x,19,B
4409,w,46,C
4410,f,48,C
4411,e,92,A
4412,c,86,A
4413,w,93,C
4414,x,93,B
4415,c,68,A
4416,f,80,C
4417,z,32,B
4418,w,34,C
4419,z,47,B
4420,x,32,B
4421,d,95,A
4422,f,29,C
4423,c,26,A
4424,d,84,A
4425,z,30,B
4426,c,52,A
4427,d,97,A
4428,w,7,C
4429,x,53,B
4430,x,78,B
4431,f,9,C
4432,d,99,A
4433,w,21,C
4434,w,33,C
4435,z,96,B
4436,f,32,C
4437,d,12,A
4438,w,41,C
4439,x,60,B
4440,c,25,A
4441,w,26,C
4442,d,9,A
4443,f,38,C
4444,e,28,A
4445,z,50,B
4446,d,11,A
4447,w,97,C
4448,c,10,A
4449,f,55,C
4450,w,9,C
4451,c,34,A
4452,f,93,C
4453,w,51,C
4454,e,68,A
4455,z,65,B
4456,x,64,B
4457,c,77,A
4458,w,17,C
4459,f,52,C
4460,f,17,C
4461,f,79,C
4462,f,57,C
4463,e,5,A
4464,e,29,A
4465,c,32,A
4466,f,5,C
4467,c,78,A
4468,x,84,B
4469,x,98,B
4470,c,9,A
4471,e,79,A
4472,z,75,B
4473,e,31,A
4474,c,4,A
4475,w,53,C
4476,x,29,B
4477,f,24,C
4478,w,91,C
4479,x,44,B
4480,e,71,A
4481,w,5,C
4482,z,60,B
4483,f,2,C
4484,f,93,C
4485,e,99,A
4486,f,69,C
4487,z,76,B
4488,x,12,B
4489,z,53,B
4490,f,41,C
4491,x,9,B
4492,c,13,A
4493,e,77,A
4494,d,73,A
4495,d,39,A
4496,w,57,C
4497,c,94,A
4498,w,15,C
4499,x,22,B
4500,e,74,A
4501,d,37,A
4502,e,21,A
4503,x,51,B
4504,x,61,B
4505,x,99,B
4506,c,9,A
4507,x,66,B
4508,e,49,A
4509,e,94,A
4510,z,9,B
4511,c,79,A
4512,f,15,C
4513,z,21,B
4514,d,28,A
4515,d,9,A
4516,c,58,A
4517,c,98,A
4518,z,96,B
4519,f,43,C
4520,z,38,B
4521,x,35,B
4522,d,81,A
4523,w,87,C
4524,w,1,C
4525,e,37,A
4526,e,31,A
4527,d,73,A
4528,d,77,A
4529,x,7,B
4530,f,27,C
4531,z,39,B
4532,e,78,A
4533,f,73,C
4534,x,28,B
4535,f,48,C
4536,e,23,A
4537,z,38,B
4538,f,3,C
4539,d,86,A
4540,z,61,B
4541,x,38,B
4542,f,55,C
4543,f,99,C
4544,x,86,B
4545,c,4,A
4546,x,22,B
4547,x,28,B
4548,x,35,B
4549,e,62,A
4550,d,51,A
4551,x,99,B
4552,x,40,B
4553,f,9,C
4554,f,21,C
4555,e,49,A
4556,f,47,C
4557,f,61,C
4558,d,31,A
4559,f,2,C
4560,e,32,A
4561,w,62,C
4562,e,4,A
4563,e,25,A
4564,c,71,A
4565,c,78,A
4566,z,48,B
4567,z,48,B
4568,f,5,C
4569,x,27,B
4570,f,37,C
4571,c,2,A
4572,e,53,A
4573,z,98,B
4574,x,44,B
4575,w,9,C
4576,d,92,A
4577,w,58,C
4578,z,68,B
4579,f,34,C
4580,f,72,C
4581,c,46,A
4582,e,3,A
4583,c,23,A
4584,e,55,A
4585,z,19,B
4586,w,23,C
4587,e,78,A
4588,x,21,B
4589,e,39,A
4590,e,16,A
4591,e,34,A
4592,z,86,B
4593,e,27,A
4594,c,9,A
4595,d,92,A
4596,f,48,C
4597,w,39,C
4598,x,66,B
4599,c,49,A
4600,z,95,B
4601,z,23,B
4602,e,47,A
4603,z,53,B
4604,d,99,A
4605,e,66,A
4606,e,47,A
4607,e,15,A
4608,f,11,C
4609,e,58,A
4610,f,74,C
4611,e,65,A
4612,w,81,C
4613,e,10,A
4614,d,83,A
4615,w,49,C
4616,z,45,B
4617,c,68,A
4618,e,2,A
4619,w,76,C
4620,f,89,C
4621,x,65,B
4622,c,15,A
4623,c,12,A
4624,c,14,A
4625,x,6,B
4626,c,61,A
4627,f,92,C
4628,d,21,A
4629,x,65,B
4630,c,91,A
4631,w,90,C
4632,d,76,A
4633,f,50,C
4634,f,25,C
4635,c,30,A
4636,e,98,A
4637,x,83,B
4638,x,15,B
4639,c,63,A
4640,d,93,A
4641,f,37,C
4642,e,56,A
4643,d,67,A
4644,c,35,A
4645,w,25,C
4646,z,92,B
4647,w,72,C
4648,x,99,B
4649,w,92,C
4650,z,62,B
4651,d,36,A
4652,c,71,A
4653,c,94,A
4654,f,20,C
4655,c,6,A
4656,w,45,C
4657,e,69,A
4658,f,100,C
4659,e,42,A
4660,w,67,C
4661,z,59,B
4662,x,35,B
4663,e,52,A
4664,c,30,A
4665,x,60,B
4666,c,28,A
4667,c,93,A
4668,c,51,A
4669,e,62,A
4670,z,31,B
4671,f,4,C
4672,w,64,C
4673,w,84,C
4674,z,19,B
4675,c,95,A
4676,w,46,C
4677,c,99,A
4678,z,55,B
4679,f,99,C
4680,z,25,B
4681,c,17,A
4682,x,100,B
4683,d,51,A
4684,e,14,A
4685,w,44,C
4686,z,67,B
4687,e,68,A
4688,w,34,C
4689,z,19,B
4690,x,38,B
4691,d,49,A
4692,c,60,A
4693,z,39,B
4694,e,66,A
4695,f,98,C
4696,w,92,C
4697,w,8,C
4698,d,53,A
4699,z,84,B
4700,w,86,C
4701,x,53,B
4702,d,57,A
4703,x,28,B
4704,w,7,C
4705,d,88,A
4706,e,24,A
4707,z,95,B
4708,e,32,A
4709,c,64,A
4710,d,38,A
4711,c,40,A
4712,d,51,A
4713,f,35,C
4714,c,78,A
4715,w,50,C
4716,f,70,C
4717,z,98,B
4718,f,6,C
4719,e,78,A
4720,f,42,C
4721,d,62,A
4722,x,54,B
4723,e,31,A
4724,f,9,C
4725,e,21,A
4726,f,30,C
4727,x,99,B
4728,w,50,C
4729,f,56,C
4730,z,9,B
4731,c,55,A
4732,f,64,C
4733,c,61,A
4734,d,45,A
4735,c,56,A
4736,d,22,A
4737,c,59,A
4738,z,18,B
4739,z,20,B
4740,c,88,A
4741,c,47,A
4742,f,79,C
4743,f,22,C
4744,c,78,A
4745,e,39,A
4746,d,46,A
4747,c,27,A
4748,z,52,B
4749,e,27,A
4750,z,90,B
4751,x,43,B
4752,f,41,C
4753,z,32,B
4754,x,34,B
4755,w,21,C
4756,d,1,A
4757,d,13,A
4758,z,18,B
4759,e,6,A
4760,z,96,B
4761,w,53,C
4762,w,24,C
4763,w,11,C
4764,e,93,A
4765,w,96,C
4766,d,22,A
4767,e,97,A
4768,x,55,B
4769,c,94,A
4770,d,66,A
4771,x,34,B
4772,d,51,A
4773,c,28,A
4774,e,38,A
4775,z,32,B
4776,f,45,C
4777,w,59,C
4778,z,29,B
4779,z,3,B
4780,w,85,C
4781,c,58,A
4782,f,97,C
4783,d,29,A
4784,d,75,A
4785,z,65,B
4786,e,50,A
4787,e,79,A
4788,z,51,B
4789,e,60,A
4790,w,97,C
4791,c,17,A
4792,w,19,C
4793,d,7,A
4794,x,1,B
4795,w,30,C
4796,f,58,C
4797,z,42,B
4798,c,91,A
4799,w,4,C
4800,f,99,C
4801,w,62,C
4802,f,37,C
4803,x,88,B
4804,w,87,C
4805,x,57,B
4806,w,99,C
4807,e,74,A
4808,z,71,B
4809,d,5,A
4810,x,29,B
4811,f,32,C
4812,x,49,B
4813,f,16,C
4814,x,18,B
4815,e,11,A
4816,d,47,A
4817,x,64,B
4818,e,82,A
4819,e,58,A
4820,x,76,B
4821,c,87,A
4822,d,76,A
4823,x,61,B
4824,f,11,C
4825,z,16,B
4826,f,85,C
4827,w,41,C
4828,w,8,C
4829,f,89,C
4830,z,98,B
4831,d,36,A
4832,c,4,A
4833,f,29,C
4834,e,34,A
4835,d,54,A
4836,x,80,B
4837,e,34,A
4838,c,42,A
4839,d,63,A
4840,f,49,C
4841,d,37,A
4842,w,43,C
4843,c,42,A
4844,x,34,B
4845,w,75,C
4846,x,27,B
4847,c,6,A
4848,w,99,C
4849,c,19,A
4850,f,69,C
4851,c,2,A
4852,e,73,A
4853,z,88,B
4854,e,26,A
4855,e,52,A
4856,f,8,C
4857,f,38,C
4858,x,69,B
4859,c,59,A
4860,x,39,B
4861,z,2,B
4862,c,11,A
4863,f,26,C
4864,e,43,A
4865,x,1,B
4866,z,95,B
4867,z,70,B
4868,e,82,A
4869,e,78,A
4870,z,16,B
4871,x,97,B
4872,w,90,C
4873,c,74,A
4874,x,24,B
4875,c,44,A
4876,f,83,C
4877,x,77,B
4878,z,40,B
4879,x,66,B
4880,f,37,C
4881,e,63,A
4882,f,17,C
4883,z,98,B
4884,w,3,C
4885,f,71,C
4886,d,59,A
4887,d,56,A
4888,w,94,C
4889,c,61,A
4890,x,79,B
4891,w,82,C
4892,d,12,A
4893,e,76,A
4894,z,75,B
4895,e,90,A
4896,e,81,A
4897,d,82,A
4898,d,67,A
4899,x,19,B
4900,z,28,B
4901,c,50,A
4902,z,7,B
4903,w,80,C
4904,w,91,C
4905,w,7,C
4906,f,43,C
4907,d,75,A
4908,x,15,B
4909,d,53,A
4910,f,35,C
4911,c,18,A
4912,z,41,B
4913,c,16,A
4914,z,39,B
4915,c,6,A
4916,x,94,B
4917,d,75,A
4918,c,99,A
4919,c,25,A
4920,e,74,A
4921,f,91,C
4922,c,83,A
4923,d,19,A
4924,c,20,A
4925,d,63,A
4926,z,63,B
4927,w,64,C
4928,d,39,A
4929,d,45,A
4930,x,36,B
4931,w,71,C
4932,e,26,A
4933,z,14,B
4934,z,67,B
4935,w,34,C
4936,x,37,B
4937,f,75,C
4938,c,5,A
4939,d,27,A
4940,e,53,A
4941,z,75,B
4942,d,40,A
4943,x,83,B
4944,e,84,A
4945,x,52,B
4946,e,77,A
4947,f,23,C
4948,x,46,B
4949,e,88,A
4950,z,45,B
4951,e,16,A
4952,d,90,A
4953,e,49,A
4954,x,17,B
4955,e,99,A
4956,w,8,C
4957,z,29,B
4958,f,87,C
4959,z,14,B
4960,e,90,A
4961,w,98,C
4962,z,69,B
4963,w,11,C
4964,z,85,B
4965,w,54,C
4966,e,66,A
4967,x,80,B
4968,e,8,A
4969,d,51,A
4970,x,71,B
4971,z,49,B
4972,w,71,C
4973,f,40,C
4974,d,38,A
4975,e,48,A
4976,x,42,B
4977,w,37,C
4978,c,87,A
4979,e,39,A
4980,f,32,C
4981,w,48,C
4982,e,54,A
4983,e,51,A
4984,w,61,C
4985,d,48,A
4986,z,41,B
4987,w,94,C
4988,z,60,B
4989,x,41,B
4990,d,50,A
4991,f,98,C
4992,c,40,A
4993,f,84,C
4994,w,98,C
4995,w,79,C
4996,x,84,B
4997,c,13,A
4998,w,17,C
4999,x,9,B
5000,w,49,C
5001,f,54,C
5002,x,70,B
5003,f,42,C
5004,d,79,A
5005,x,19,B
5006,e,14,A
5007,d,5,A
5008,z,77,B
5009,c,84,A
5010,z,92,B
5011,f,22,C
5012,f,31,C
5013,f,26,C
5014,x,62,B
5015,w,20,C
5016,e,7,A
5017,w,2,C
5018,f,34,C
5019,e,91,A
5020,w,9,C
5021,w,21,C
5022,x,26,B
5023,z,5,B
5024,x,20,B
5025,c,18,A
5026,c,39,A
5027,f,67,C
5028,w,100,C
5029,z,69,B
5030,z,98,B
5031,d,33,A
5032,z,80,B
5033,e,31,A
5034,z,1,B
5035,f,90,C
5036,x,93,B
5037,w,18,C
5038,e,100,A
5039,z,56,B
5040,x,99,B
5041,f,100,C
5042,z,7,B
5043,c,57,A
5044,d,82,A
5045,c,68,A
5046,w,53,C
5047,x,23,B
5048,w,7,C
5049,w,31,C
5050,c,61,A
5051,d,100,A
5052,f,20,C
5053,d,38,A
5054,d,99,A
5055,d,56,A
5056,x,54,B
5057,e,39,A
5058,d,61,A
5059,f,5,C
5060,c,97,A
5061,x,10,B
5062,f,47,C
5063,d,67,A
5064,f,42,C
5065,d,8,A
5066,d,4,A
5067,x,80,B
5068,x,68,B
5069,x,58,B
5070,f,6,C
5071,f,72,C
5072,f,33,C
5073,c,31,A
5074,x,22,B
5075,x,98,B
5076,f,49,C
5077,f,50,C
5078,f,55,C
5079,x,77,B
5080,x,17,B
5081,f,89,C
5082,z,6,B
5083,c,89,A
5084,x,62,B
5085,d,54,A
5086,x,43,B
5087,d,10,A
5088,f,17,C
5089,x,69,B
5090,x,21,B
5091,c,90,A
5092,f,56,C
5093,c,21,A
5094,x,2,B
5095,e,38,A
5096,c,58,A
5097,z,37,B
5098,c,1,A
5099,x,94,B
5100,x,67,B
5101,f,75,C
5102,x,48,B
5103,x,46,B
5104,x,34,B
5105,e,92,A
5106,w,81,C
5107,w,5,C
5108,x,46,B
5109,e,49,A
5110,f,39,C
5111,w,70,C
5112,z,48,B
5113,f,60,C
5114,e,26,A
5115,z,39,B
5116,c,50,A
5117,e,19,A
5118,d,77,A
5119,w,40,C
5120,z,25,B
5121,c,70,A
5122,z,43,B
5123,c,95,A
5124,w,56,C
5125,c,32,A
5126,x,27,B
5127,c,86,A
5128,f,61,C
5129,x,20,B
5130,x,22,B
5131,z,17,B
5132,z,34,B
5133,x,76,B
5134,f,24,C
5135,f,90,C
5136,w,65,C
5137,z,65,B
5138,z,85,B
5139,z,65,B
5140,z,96,B
5141,w,19,C
5142,e,15,A
5143,z,80,B
5144,d,50,A
5145,c,95,A
5146,d,68,A
5147,f,31,C
5148,c,30,A
5149,x,24,B
5150,f,19,C
5151,z,1,B
5152,e,53,A
5153,w,66,C
5154,e,97,A
5155,z,39,B
5156,z,15,B
5157,c,62,A
5158,x,22,B
5159,f,69,C
5160,c,77,A
5161,z,25,B
5162,e,18,A
5163,z,16,B
5164,x,59,B
5165,x,64,B
5166,d,29,A
5167,d,12,A
5168,w,25,C
5169,x,65,B
5170,c,23,A
5171,d,95,A
5172,f,1,C
5173,x,57,B
5174,c,99,A
5175,c,76,A
5176,w,61,C
5177,x,34,B
5178,f,49,C
5179,z,56,B
5180,z,87,B
5181,d,63,A
5182,e,31,A
5183,e,68,A
5184,c,64,A
5185,d,97,A
5186,c,36,A
5187,c,3,A
5188,c,19,A
5189,z,66,B
5190,c,7,A
5191,x,62,B
5192,d,70,A
5193,z,49,B
5194,x,6,B
5195,z,95,B
5196,c,27,A
5197,d,74,A
5198,e,37,A
5199,d,50,A
5200,c,6,A
5201,z,1,B
5202,x,37,B
5203,f,66,C
5204,z,11,B
5205,c,53,A
5206,f,87,C
5207,d,81,A
5208,f,100,C
5209,e,53,A
5210,w,42,C
5211,x,95,B
5212,z,72,B
5213,z,67,B
5214,d,78,A
5215,w,72,C
5216,x,44,B
5217,c,69,A
5218,c,18,A
5219,x,3,B
5220,d,49,A
5221,x,50,B
5222,f,55,C
5223,c,69,A
5224,z,91,B
5225,e,61,A
5226,z,91,B
5227,f,20,C
5228,c,66,A
5229,d,35,A
